CREATE DATABASE  IF NOT EXISTS `portalao_appCostaSol` /*!40100 DEFAULT CHARACTER SET utf8 COLLATE utf8_unicode_ci */;
USE `portalao_appCostaSol`;
-- MySQL dump 10.13  Distrib 8.0.43, for Win64 (x86_64)
--
-- Host: box5500.bluehost.com    Database: portalao_appCostaSol
-- ------------------------------------------------------
-- Server version	5.7.23-23

/*!40101 SET @OLD_CHARACTER_SET_CLIENT=@@CHARACTER_SET_CLIENT */;
/*!40101 SET @OLD_CHARACTER_SET_RESULTS=@@CHARACTER_SET_RESULTS */;
/*!40101 SET @OLD_COLLATION_CONNECTION=@@COLLATION_CONNECTION */;
/*!50503 SET NAMES utf8 */;
/*!40103 SET @OLD_TIME_ZONE=@@TIME_ZONE */;
/*!40103 SET TIME_ZONE='+00:00' */;
/*!40014 SET @OLD_UNIQUE_CHECKS=@@UNIQUE_CHECKS, UNIQUE_CHECKS=0 */;
/*!40014 SET @OLD_FOREIGN_KEY_CHECKS=@@FOREIGN_KEY_CHECKS, FOREIGN_KEY_CHECKS=0 */;
/*!40101 SET @OLD_SQL_MODE=@@SQL_MODE, SQL_MODE='NO_AUTO_VALUE_ON_ZERO' */;
/*!40111 SET @OLD_SQL_NOTES=@@SQL_NOTES, SQL_NOTES=0 */;

--
-- Table structure for table `acabado_detalle`
--

DROP TABLE IF EXISTS `acabado_detalle`;
/*!40101 SET @saved_cs_client     = @@character_set_client */;
/*!50503 SET character_set_client = utf8mb4 */;
CREATE TABLE `acabado_detalle` (
  `id` int(10) unsigned NOT NULL AUTO_INCREMENT,
  `acabado_kit_id` int(10) unsigned NOT NULL,
  `componente_id` int(10) unsigned NOT NULL,
  `color` varchar(50) COLLATE utf8_unicode_ci NOT NULL COMMENT 'Ej: Claro, Oscuro',
  `url_imagen` varchar(2000) COLLATE utf8_unicode_ci NOT NULL,
  `descripcion` text COLLATE utf8_unicode_ci,
  PRIMARY KEY (`id`),
  KEY `fk_detalle_kit` (`acabado_kit_id`),
  KEY `fk_detalle_componente` (`componente_id`),
  CONSTRAINT `fk_detalle_componente` FOREIGN KEY (`componente_id`) REFERENCES `componente` (`id`) ON DELETE CASCADE,
  CONSTRAINT `fk_detalle_kit` FOREIGN KEY (`acabado_kit_id`) REFERENCES `acabado_kit` (`id`) ON DELETE CASCADE
) ENGINE=InnoDB AUTO_INCREMENT=7 DEFAULT CHARSET=utf8 COLLATE=utf8_unicode_ci;
/*!40101 SET character_set_client = @saved_cs_client */;

--
-- Dumping data for table `acabado_detalle`
--

LOCK TABLES `acabado_detalle` WRITE;
/*!40000 ALTER TABLE `acabado_detalle` DISABLE KEYS */;
INSERT INTO `acabado_detalle` VALUES (1,2,1,'Claro','https://placehold.co/600x400/E1F5FE/37474F?text=Meson+Full+Claro','Papa'),(2,2,2,'Claro','https://placehold.co/600x400/E1F5FE/37474F?text=Anaquel+Sup.+Full+Claro','Cebolla'),(3,2,3,'Claro','https://placehold.co/600x400/E1F5FE/37474F?text=Anaquel+Inf.+Full+Claro','Tomate'),(4,2,1,'Oscuro','https://placehold.co/600x400/37474F/E1F5FE?text=Meson+Full+Oscuro','Pepino'),(5,2,2,'Oscuro','https://placehold.co/600x400/37474F/E1F5FE?text=Anaquel+Sup.+Full+Oscuro','Aji'),(6,2,3,'Oscuro','https://placehold.co/600x400/37474F/E1F5FE?text=Anaquel+Inf.+Full+Oscuro','Ajo');
/*!40000 ALTER TABLE `acabado_detalle` ENABLE KEYS */;
UNLOCK TABLES;

--
-- Table structure for table `acabado_kit`
--

DROP TABLE IF EXISTS `acabado_kit`;
/*!40101 SET @saved_cs_client     = @@character_set_client */;
/*!50503 SET character_set_client = utf8mb4 */;
CREATE TABLE `acabado_kit` (
  `id` int(10) unsigned NOT NULL AUTO_INCREMENT,
  `nombre` varchar(100) COLLATE utf8_unicode_ci NOT NULL COMMENT 'Ej: Cocina Standar, Baño Principal',
  `descripcion` varchar(255) COLLATE utf8_unicode_ci DEFAULT NULL,
  `url_imagen_principal` varchar(2000) COLLATE utf8_unicode_ci DEFAULT NULL COMMENT 'URL de la imagen para el Paso 1',
  `costo` decimal(10,2) NOT NULL DEFAULT '0.00' COMMENT 'Costo adicional del kit',
  PRIMARY KEY (`id`)
) ENGINE=InnoDB AUTO_INCREMENT=3 DEFAULT CHARSET=utf8 COLLATE=utf8_unicode_ci;
/*!40101 SET character_set_client = @saved_cs_client */;

--
-- Dumping data for table `acabado_kit`
--

LOCK TABLES `acabado_kit` WRITE;
/*!40000 ALTER TABLE `acabado_kit` DISABLE KEYS */;
INSERT INTO `acabado_kit` VALUES (1,'Cocina Standar','Acabados estándar para el modelo de cocina principal.','https://cedreo.com/wp-content/uploads/cloudinary/US_Kitchen_09_2D_554px_mg3dmt.jpg',0.00),(2,'Cocina Full','Acabados de lujo para el modelo de cocina full equipada.','https://content.elmueble.com/medio/2022/02/11/00541744-o_520915c4_2000x1327.jpg',3450.00);
/*!40000 ALTER TABLE `acabado_kit` ENABLE KEYS */;
UNLOCK TABLES;

--
-- Table structure for table `componente`
--

DROP TABLE IF EXISTS `componente`;
/*!40101 SET @saved_cs_client     = @@character_set_client */;
/*!50503 SET character_set_client = utf8mb4 */;
CREATE TABLE `componente` (
  `id` int(10) unsigned NOT NULL AUTO_INCREMENT,
  `nombre` varchar(100) COLLATE utf8_unicode_ci NOT NULL COMMENT 'Ej: Mesón, Piso, Anaquel Superior',
  PRIMARY KEY (`id`)
) ENGINE=InnoDB AUTO_INCREMENT=6 DEFAULT CHARSET=utf8 COLLATE=utf8_unicode_ci;
/*!40101 SET character_set_client = @saved_cs_client */;

--
-- Dumping data for table `componente`
--

LOCK TABLES `componente` WRITE;
/*!40000 ALTER TABLE `componente` DISABLE KEYS */;
INSERT INTO `componente` VALUES (1,'Mesón'),(2,'Anaquel Superior'),(3,'Anaquel Inferior'),(4,'Piso'),(5,'Salpicadero');
/*!40000 ALTER TABLE `componente` ENABLE KEYS */;
UNLOCK TABLES;

--
-- Table structure for table `kit_color_opcion`
--

DROP TABLE IF EXISTS `kit_color_opcion`;
/*!40101 SET @saved_cs_client     = @@character_set_client */;
/*!50503 SET character_set_client = utf8mb4 */;
CREATE TABLE `kit_color_opcion` (
  `id` int(10) unsigned NOT NULL AUTO_INCREMENT,
  `acabado_kit_id` int(10) unsigned NOT NULL,
  `nombre_opcion` varchar(100) COLLATE utf8_unicode_ci NOT NULL COMMENT 'Ej: Cocina Estándar Clara',
  `color_nombre` varchar(50) COLLATE utf8_unicode_ci NOT NULL COMMENT 'Ej: Claro, Oscuro',
  `url_imagen_opcion` varchar(2000) COLLATE utf8_unicode_ci NOT NULL COMMENT 'URL de la imagen para el Paso 2',
  PRIMARY KEY (`id`),
  KEY `fk_opcion_kit_color` (`acabado_kit_id`),
  CONSTRAINT `fk_opcion_kit_color` FOREIGN KEY (`acabado_kit_id`) REFERENCES `acabado_kit` (`id`) ON DELETE CASCADE
) ENGINE=InnoDB AUTO_INCREMENT=5 DEFAULT CHARSET=utf8 COLLATE=utf8_unicode_ci;
/*!40101 SET character_set_client = @saved_cs_client */;

--
-- Dumping data for table `kit_color_opcion`
--

LOCK TABLES `kit_color_opcion` WRITE;
/*!40000 ALTER TABLE `kit_color_opcion` DISABLE KEYS */;
INSERT INTO `kit_color_opcion` VALUES (1,1,'Cocina Estándar Clara','Claro','https://placehold.co/600x400/F5F5DC/333333?text=Estandar+Clara'),(2,1,'Cocina Estándar Oscura','Oscuro','https://placehold.co/600x400/333333/F5F5DC?text=Estandar+Oscura'),(3,2,'Cocina Full Clara','Claro','https://placehold.co/600x400/E0F2F7/004D40?text=Full+Clara'),(4,2,'Cocina Full Oscura','Oscuro','https://placehold.co/600x400/004D40/E0F2F7?text=Full+Oscura');
/*!40000 ALTER TABLE `kit_color_opcion` ENABLE KEYS */;
UNLOCK TABLES;

--
-- Table structure for table `paquetes_adicionales`
--

DROP TABLE IF EXISTS `paquetes_adicionales`;
/*!40101 SET @saved_cs_client     = @@character_set_client */;
/*!50503 SET character_set_client = utf8mb4 */;
CREATE TABLE `paquetes_adicionales` (
  `id` int(10) unsigned NOT NULL AUTO_INCREMENT,
  `nombre` varchar(100) COLLATE utf8_unicode_ci NOT NULL,
  `descripcion` text COLLATE utf8_unicode_ci,
  `precio` decimal(10,2) NOT NULL DEFAULT '0.00',
  `fotos` json DEFAULT NULL COMMENT 'Un array de URLs de imágenes. Ej: ["url1.jpg", "url2.jpg"]',
  `activo` tinyint(1) NOT NULL DEFAULT '1',
  PRIMARY KEY (`id`)
) ENGINE=InnoDB AUTO_INCREMENT=4 DEFAULT CHARSET=utf8 COLLATE=utf8_unicode_ci;
/*!40101 SET character_set_client = @saved_cs_client */;

--
-- Dumping data for table `paquetes_adicionales`
--

LOCK TABLES `paquetes_adicionales` WRITE;
/*!40000 ALTER TABLE `paquetes_adicionales` DISABLE KEYS */;
INSERT INTO `paquetes_adicionales` VALUES (1,'Encimera de Granitoo','Reemplazaa la encimera estándar por una de granito de alta calidad, resistente a rayaduras y calor.',840.00,'[]',1),(2,'Encimera de Granito','Reemplaza la encimera estándar por una de granito de alta calidad, resistente a rayaduras y calor.',1850.00,'[\"https://d35y5t5rad2lom.cloudfront.net/images/upload/112/card/5e7e7395a96415.53919462.jpg\", \"https://img.freepik.com/foto-gratis/primer-plano-fondo-textura-marmol_53876-17994.jpg\"]',1);
/*!40000 ALTER TABLE `paquetes_adicionales` ENABLE KEYS */;
UNLOCK TABLES;

--
-- Table structure for table `propiedad`
--

DROP TABLE IF EXISTS `propiedad`;
/*!40101 SET @saved_cs_client     = @@character_set_client */;
/*!50503 SET character_set_client = utf8mb4 */;
CREATE TABLE `propiedad` (
  `id` bigint(20) unsigned NOT NULL AUTO_INCREMENT,
  `id_usuario` bigint(20) unsigned NOT NULL,
  `tipo_id` tinyint(3) unsigned NOT NULL,
  `etapa_id` smallint(5) unsigned NOT NULL,
  `estado_id` tinyint(3) unsigned NOT NULL,
  `fecha_compra` date DEFAULT NULL,
  `fecha_hipotecario` date DEFAULT NULL,
  `fecha_entrega` date DEFAULT NULL,
  `fecha_insertado` datetime DEFAULT CURRENT_TIMESTAMP,
  `id_urbanizacion` tinyint(3) unsigned NOT NULL,
  `manzana` varchar(10) COLLATE utf8_unicode_ci DEFAULT NULL,
  `solar` varchar(10) COLLATE utf8_unicode_ci DEFAULT NULL,
  `villa` varchar(10) COLLATE utf8_unicode_ci DEFAULT NULL,
  `acabado_kit_seleccionado_id` int(10) unsigned DEFAULT NULL,
  `acabado_color_seleccionado` varchar(50) COLLATE utf8_unicode_ci DEFAULT NULL,
  PRIMARY KEY (`id`),
  KEY `id_usuario` (`id_usuario`),
  KEY `tipo_id` (`tipo_id`),
  KEY `etapa_id` (`etapa_id`),
  KEY `estado_id` (`estado_id`),
  KEY `fk_propiedad_urbanizacion` (`id_urbanizacion`),
  KEY `fk_propiedad_kit_seleccionado` (`acabado_kit_seleccionado_id`),
  CONSTRAINT `fk_propiedad_kit_seleccionado` FOREIGN KEY (`acabado_kit_seleccionado_id`) REFERENCES `acabado_kit` (`id`) ON DELETE SET NULL ON UPDATE CASCADE,
  CONSTRAINT `fk_propiedad_urbanizacion` FOREIGN KEY (`id_urbanizacion`) REFERENCES `urbanizacion` (`id`),
  CONSTRAINT `propiedad_ibfk_1` FOREIGN KEY (`id_usuario`) REFERENCES `usuario` (`id`),
  CONSTRAINT `propiedad_ibfk_2` FOREIGN KEY (`tipo_id`) REFERENCES `tipo_propiedad` (`id`),
  CONSTRAINT `propiedad_ibfk_3` FOREIGN KEY (`etapa_id`) REFERENCES `etapa_construccion` (`id`),
  CONSTRAINT `propiedad_ibfk_4` FOREIGN KEY (`estado_id`) REFERENCES `estado_propiedad` (`id`)
) ENGINE=InnoDB AUTO_INCREMENT=494 DEFAULT CHARSET=utf8 COLLATE=utf8_unicode_ci;
/*!40101 SET character_set_client = @saved_cs_client */;

--
-- Dumping data for table `propiedad`
--

LOCK TABLES `propiedad` WRITE;
/*!40000 ALTER TABLE `propiedad` DISABLE KEYS */;
INSERT INTO `propiedad` VALUES (1,2,2,4,4,'2025-01-01','2030-06-01','2031-06-02','2025-06-17 08:24:56',3,'7119','03','03',NULL,NULL),(2,2,2,3,4,'2025-02-01','2026-01-01','2026-06-13','2025-06-17 09:54:30',3,'7117','33','33',NULL,NULL),(3,7,2,4,4,'2025-07-01','2030-07-10','2031-07-08','2025-07-23 08:57:32',3,'7119','03','03',NULL,NULL),(4,7,2,3,4,'2025-07-01','2030-07-01','2031-07-01','2025-07-23 09:08:06',3,'7117','33','33',NULL,NULL),(5,8,2,4,4,'2025-07-01','2030-07-10','2031-07-01','2025-07-24 08:57:32',3,'9999','99','99',1,'Oscuro'),(12,11,2,3,4,'2025-07-01','2030-07-01','2031-07-01','2025-08-01 09:08:06',3,'7117','33','33',1,'Oscuro'),(14,9,2,4,4,'2025-07-01','2030-07-10','2031-07-01','2025-07-24 08:57:32',3,'9999','99','99',2,'Oscuro'),(15,9,2,3,4,'2025-07-01','2030-07-01','2031-07-01','2025-08-01 09:08:06',3,'7117','33','33',2,'Oscuro'),(16,9,2,3,4,'2025-07-01','2030-07-01','2030-07-01','2025-09-18 07:30:04',3,'9999','99','99',1,'Oscuro'),(17,9,2,3,4,'2025-07-01','2030-07-01','2030-07-01','2025-09-18 07:30:43',3,'9999','99','99',1,'Oscuro'),(18,354,1,4,4,NULL,NULL,NULL,'2025-09-25 11:31:22',1,'7103','14','14',NULL,NULL),(19,355,1,4,4,NULL,NULL,NULL,'2025-09-25 11:31:22',1,'7104','16','16',NULL,NULL),(20,356,1,1,4,NULL,NULL,NULL,'2025-09-25 11:31:22',1,'7100','14','14',NULL,NULL),(21,357,1,1,4,NULL,NULL,NULL,'2025-09-25 11:31:22',1,'7100','15','15',NULL,NULL),(22,358,1,2,4,NULL,NULL,NULL,'2025-09-25 11:31:22',2,'7108','26','26',NULL,NULL),(23,359,1,4,4,NULL,NULL,NULL,'2025-09-25 11:31:22',2,'7108','27','27',NULL,NULL),(24,360,1,1,4,NULL,NULL,NULL,'2025-09-25 11:31:22',3,'7116','23','23',NULL,NULL),(25,361,1,1,4,NULL,NULL,NULL,'2025-09-25 11:31:22',3,'7116','25','25',NULL,NULL),(26,362,1,1,4,NULL,NULL,NULL,'2025-09-25 11:31:22',3,'7116','02','02',NULL,NULL),(27,363,1,1,4,NULL,NULL,NULL,'2025-09-25 11:31:22',3,'7116','03','03',NULL,NULL),(28,364,1,1,4,NULL,NULL,NULL,'2025-09-25 11:31:22',3,'7116','09','09',NULL,NULL),(29,365,1,1,4,NULL,NULL,NULL,'2025-09-25 11:31:23',3,'7116','01','01',NULL,NULL),(30,366,1,1,4,NULL,NULL,NULL,'2025-09-25 11:31:23',3,'7116','13','13',NULL,NULL),(31,367,1,1,4,NULL,NULL,NULL,'2025-09-25 11:31:23',3,'7116','14','14',NULL,NULL),(32,368,1,1,4,NULL,NULL,NULL,'2025-09-25 11:31:23',3,'7116','18','18',NULL,NULL),(33,369,1,1,4,NULL,NULL,NULL,'2025-09-25 11:31:23',3,'7116','19','19',NULL,NULL),(34,370,1,1,4,NULL,NULL,NULL,'2025-09-25 11:31:23',3,'7116','02','02',NULL,NULL),(35,371,1,1,4,NULL,NULL,NULL,'2025-09-25 11:31:23',3,'7116','22','22',NULL,NULL),(36,372,1,1,4,NULL,NULL,NULL,'2025-09-25 11:31:23',1,'7101','5-6','5-6',NULL,NULL),(37,373,1,1,4,NULL,NULL,NULL,'2025-09-25 11:31:23',3,'7116','08','08',NULL,NULL),(38,374,1,1,4,NULL,NULL,NULL,'2025-09-25 11:31:23',3,'7117','22','22',NULL,NULL),(39,375,1,1,4,NULL,NULL,NULL,'2025-09-25 11:31:23',3,'7117','35','35',NULL,NULL),(40,376,1,1,4,NULL,NULL,NULL,'2025-09-25 11:31:23',3,'7117','36','36',NULL,NULL),(41,377,1,1,4,NULL,NULL,NULL,'2025-09-25 11:31:23',3,'7117','37','37',NULL,NULL),(42,378,1,1,4,NULL,NULL,NULL,'2025-09-25 11:31:24',3,'7117','38','38',NULL,NULL),(43,379,1,1,4,NULL,NULL,NULL,'2025-09-25 11:31:24',3,'7117','39','39',NULL,NULL),(44,380,1,1,4,NULL,NULL,NULL,'2025-09-25 11:31:24',2,'7108','12','12',NULL,NULL),(45,381,1,1,4,NULL,NULL,NULL,'2025-09-25 11:31:24',2,'7108','07','07',NULL,NULL),(46,382,1,1,4,NULL,NULL,NULL,'2025-09-25 11:31:24',2,'7108','18','18',NULL,NULL),(47,383,1,1,4,NULL,NULL,NULL,'2025-09-25 11:31:24',1,'7100','17','17',NULL,NULL),(48,384,1,1,4,NULL,NULL,NULL,'2025-09-25 11:31:24',1,'7100','23','23',NULL,NULL),(49,385,1,1,4,NULL,NULL,NULL,'2025-09-25 11:31:24',2,'7108','22','22',NULL,NULL),(50,386,1,1,4,NULL,NULL,NULL,'2025-09-25 11:31:24',2,'7108','23','23',NULL,NULL),(51,387,1,1,4,NULL,NULL,NULL,'2025-09-25 11:31:24',2,'7108','24','24',NULL,NULL),(52,388,1,1,4,NULL,NULL,NULL,'2025-09-25 11:31:24',2,'7108','25','25',NULL,NULL),(53,389,1,1,4,NULL,NULL,NULL,'2025-09-25 11:31:24',2,'7108','28','28',NULL,NULL),(54,390,1,1,4,NULL,NULL,NULL,'2025-09-25 11:31:24',2,'7108','29','29',NULL,NULL),(55,391,1,1,4,NULL,NULL,NULL,'2025-09-25 11:31:24',2,'7108','03','03',NULL,NULL),(56,392,1,1,4,NULL,NULL,NULL,'2025-09-25 11:31:25',2,'7108','31','31',NULL,NULL),(57,393,1,1,4,NULL,NULL,NULL,'2025-09-25 11:31:25',2,'7108','15','15',NULL,NULL),(58,394,1,1,4,NULL,NULL,NULL,'2025-09-25 11:31:25',1,'7100','03','03',NULL,NULL),(59,395,1,1,4,NULL,NULL,NULL,'2025-09-25 11:31:25',1,'7101','14','14',NULL,NULL),(60,396,1,1,4,NULL,NULL,NULL,'2025-09-25 11:31:25',1,'7102','07','07',NULL,NULL),(61,396,1,1,4,NULL,NULL,NULL,'2025-09-25 11:31:25',1,'7102','08','08',NULL,NULL),(62,384,1,1,4,NULL,NULL,NULL,'2025-09-25 11:31:25',1,'7100','24','24',NULL,NULL),(63,397,1,1,4,NULL,NULL,NULL,'2025-09-25 11:31:25',1,'7100','21','21',NULL,NULL),(64,398,1,1,4,NULL,NULL,NULL,'2025-09-25 11:31:25',1,'7100','18','18',NULL,NULL),(65,399,1,1,4,NULL,NULL,NULL,'2025-09-25 11:31:25',1,'7101','12','12',NULL,NULL),(66,400,1,1,4,NULL,NULL,NULL,'2025-09-25 11:31:25',1,'7101','07','07',NULL,NULL),(67,401,1,1,4,NULL,NULL,NULL,'2025-09-25 11:31:25',1,'7101','08','08',NULL,NULL),(68,402,1,1,4,NULL,NULL,NULL,'2025-09-25 11:31:25',1,'7101','03','03',NULL,NULL),(69,403,1,1,4,NULL,NULL,NULL,'2025-09-25 11:31:25',1,'7101','02','02',NULL,NULL),(70,404,1,1,4,NULL,NULL,NULL,'2025-09-25 11:31:25',1,'7101','11','11',NULL,NULL),(71,405,1,1,4,NULL,NULL,NULL,'2025-09-25 11:31:26',1,'7101','13','13',NULL,NULL),(72,406,1,1,4,NULL,NULL,NULL,'2025-09-25 11:31:26',1,'7101','16','16',NULL,NULL),(73,407,1,1,4,NULL,NULL,NULL,'2025-09-25 11:31:26',1,'7104','01','01',NULL,NULL),(74,408,1,1,4,NULL,NULL,NULL,'2025-09-25 11:31:26',1,'7103','16','16',NULL,NULL),(75,409,1,1,4,NULL,NULL,NULL,'2025-09-25 11:31:26',5,'7146','07','07',NULL,NULL),(76,410,1,1,4,NULL,NULL,NULL,'2025-09-25 11:31:26',1,'7103','02','02',NULL,NULL),(77,411,1,1,4,NULL,NULL,NULL,'2025-09-25 11:31:26',1,'7103','04','04',NULL,NULL),(78,412,1,1,4,NULL,NULL,NULL,'2025-09-25 11:31:26',1,'7103','07','07',NULL,NULL),(79,413,1,1,4,NULL,NULL,NULL,'2025-09-25 11:31:26',1,'7103','08','08',NULL,NULL),(80,414,1,1,4,NULL,NULL,NULL,'2025-09-25 11:31:26',1,'7103','09','09',NULL,NULL),(81,415,1,1,4,NULL,NULL,NULL,'2025-09-25 11:31:26',1,'7103','01','01',NULL,NULL),(82,416,1,1,4,NULL,NULL,NULL,'2025-09-25 11:31:26',1,'7103','12','12',NULL,NULL),(83,417,1,1,4,NULL,NULL,NULL,'2025-09-25 11:31:26',1,'7103','13','13',NULL,NULL),(84,418,1,1,4,NULL,NULL,NULL,'2025-09-25 11:31:27',1,'7103','17','17',NULL,NULL),(85,419,1,1,4,NULL,NULL,NULL,'2025-09-25 11:31:27',1,'7103','18','18',NULL,NULL),(86,420,1,1,4,NULL,NULL,NULL,'2025-09-25 11:31:27',1,'7103','19','19',NULL,NULL),(87,421,1,1,4,NULL,NULL,NULL,'2025-09-25 11:31:27',1,'7103','21','21',NULL,NULL),(88,422,1,1,4,NULL,NULL,NULL,'2025-09-25 11:31:27',1,'7103','23','23',NULL,NULL),(89,423,1,1,4,NULL,NULL,NULL,'2025-09-25 11:31:27',1,'7103','24','24',NULL,NULL),(90,424,1,1,4,NULL,NULL,NULL,'2025-09-25 11:31:27',1,'7103','26','26',NULL,NULL),(91,425,1,1,4,NULL,NULL,NULL,'2025-09-25 11:31:27',1,'7103','27','27',NULL,NULL),(92,426,1,1,4,NULL,NULL,NULL,'2025-09-25 11:31:27',1,'7103','28','28',NULL,NULL),(93,427,1,1,4,NULL,NULL,NULL,'2025-09-25 11:31:27',1,'7104','02','02',NULL,NULL),(94,428,1,1,4,NULL,NULL,NULL,'2025-09-25 11:31:27',1,'7104','03','03',NULL,NULL),(95,429,1,1,4,NULL,NULL,NULL,'2025-09-25 11:31:27',1,'7104','32','32',NULL,NULL),(96,430,1,1,4,NULL,NULL,NULL,'2025-09-25 11:31:27',1,'7101','09','09',NULL,NULL),(97,431,1,1,4,NULL,NULL,NULL,'2025-09-25 11:31:27',1,'7101','01','01',NULL,NULL),(98,432,1,1,4,NULL,NULL,NULL,'2025-09-25 11:31:28',4,'7133','15','15',NULL,NULL),(99,433,1,1,4,NULL,NULL,NULL,'2025-09-25 11:31:28',1,'7102','14','14',NULL,NULL),(100,434,1,1,4,NULL,NULL,NULL,'2025-09-25 11:31:28',1,'7102','15','15',NULL,NULL),(101,435,1,1,4,NULL,NULL,NULL,'2025-09-25 11:31:28',1,'7102','16','16',NULL,NULL),(102,436,1,1,4,NULL,NULL,NULL,'2025-09-25 11:31:28',1,'7102','17','17',NULL,NULL),(103,437,1,1,4,NULL,NULL,NULL,'2025-09-25 11:31:28',1,'7102','18','18',NULL,NULL),(104,438,1,1,4,NULL,NULL,NULL,'2025-09-25 11:31:28',1,'7100','08','08',NULL,NULL),(105,439,1,1,4,NULL,NULL,NULL,'2025-09-25 11:31:28',1,'7100','07','07',NULL,NULL),(106,440,1,1,4,NULL,NULL,NULL,'2025-09-25 11:31:28',1,'7104','04','04',NULL,NULL),(107,441,1,1,4,NULL,NULL,NULL,'2025-09-25 11:31:28',1,'7104','05','05',NULL,NULL),(108,441,1,1,4,NULL,NULL,NULL,'2025-09-25 11:31:28',1,'7104','06','06',NULL,NULL),(109,442,1,1,4,NULL,NULL,NULL,'2025-09-25 11:31:28',1,'7104','07','07',NULL,NULL),(110,443,1,1,4,NULL,NULL,NULL,'2025-09-25 11:31:28',1,'7104','09','09',NULL,NULL),(111,444,1,1,4,NULL,NULL,NULL,'2025-09-25 11:31:28',1,'7104','11','11',NULL,NULL),(112,445,1,1,4,NULL,NULL,NULL,'2025-09-25 11:31:29',1,'7104','12','12',NULL,NULL),(113,446,1,1,4,NULL,NULL,NULL,'2025-09-25 11:31:29',1,'7104','13','13',NULL,NULL),(114,447,1,1,4,NULL,NULL,NULL,'2025-09-25 11:31:29',1,'7104','15','15',NULL,NULL),(115,448,1,1,4,NULL,NULL,NULL,'2025-09-25 11:31:29',1,'7104','19','19',NULL,NULL),(116,449,1,1,4,NULL,NULL,NULL,'2025-09-25 11:31:29',1,'7104','02','02',NULL,NULL),(117,450,1,1,4,NULL,NULL,NULL,'2025-09-25 11:31:29',1,'7104','21','21',NULL,NULL),(118,451,1,1,4,NULL,NULL,NULL,'2025-09-25 11:31:29',1,'7104','22','22',NULL,NULL),(119,452,1,1,4,NULL,NULL,NULL,'2025-09-25 11:31:29',1,'7104','23','23',NULL,NULL),(120,453,1,1,4,NULL,NULL,NULL,'2025-09-25 11:31:29',1,'7104','24','24',NULL,NULL),(121,454,1,1,4,NULL,NULL,NULL,'2025-09-25 11:31:29',1,'7104','25','25',NULL,NULL),(122,455,1,1,4,NULL,NULL,NULL,'2025-09-25 11:31:29',1,'7104','26','26',NULL,NULL),(123,456,1,1,4,NULL,NULL,NULL,'2025-09-25 11:31:29',1,'7104','27','27',NULL,NULL),(124,457,1,1,4,NULL,NULL,NULL,'2025-09-25 11:31:29',1,'7104','28','28',NULL,NULL),(125,458,1,1,4,NULL,NULL,NULL,'2025-09-25 11:31:30',1,'7104','29','29',NULL,NULL),(126,459,1,1,4,NULL,NULL,NULL,'2025-09-25 11:31:30',1,'7104','03','03',NULL,NULL),(127,460,1,1,4,NULL,NULL,NULL,'2025-09-25 11:31:30',3,'7115','03','03',NULL,NULL),(128,461,1,1,4,NULL,NULL,NULL,'2025-09-25 11:31:30',3,'7115','05','05',NULL,NULL),(129,462,1,1,4,NULL,NULL,NULL,'2025-09-25 11:31:30',3,'7115','06','06',NULL,NULL),(130,463,1,1,4,NULL,NULL,NULL,'2025-09-25 11:31:30',3,'7115','08','08',NULL,NULL),(131,464,1,1,4,NULL,NULL,NULL,'2025-09-25 11:31:30',3,'7115','09','09',NULL,NULL),(132,465,1,1,4,NULL,NULL,NULL,'2025-09-25 11:31:30',3,'7115','01','01',NULL,NULL),(133,466,1,1,4,NULL,NULL,NULL,'2025-09-25 11:31:30',3,'7115','11','11',NULL,NULL),(134,467,1,1,4,NULL,NULL,NULL,'2025-09-25 11:31:30',3,'7115','12','12',NULL,NULL),(135,468,1,1,4,NULL,NULL,NULL,'2025-09-25 11:31:30',3,'7115','13','13',NULL,NULL),(136,469,1,1,4,NULL,NULL,NULL,'2025-09-25 11:31:30',3,'7115','14','14',NULL,NULL),(137,470,1,1,4,NULL,NULL,NULL,'2025-09-25 11:31:30',3,'7115','15','15',NULL,NULL),(138,471,1,1,4,NULL,NULL,NULL,'2025-09-25 11:31:30',3,'7115','16','16',NULL,NULL),(139,472,1,1,4,NULL,NULL,NULL,'2025-09-25 11:31:31',3,'7115','17','17',NULL,NULL),(140,473,1,1,4,NULL,NULL,NULL,'2025-09-25 11:31:31',3,'7115','19','19',NULL,NULL),(141,474,1,1,4,NULL,NULL,NULL,'2025-09-25 11:31:31',3,'7115','02','02',NULL,NULL),(142,475,1,1,4,NULL,NULL,NULL,'2025-09-25 11:31:31',3,'7115','22','22',NULL,NULL),(143,476,1,1,4,NULL,NULL,NULL,'2025-09-25 11:31:31',3,'7115','24','24',NULL,NULL),(144,477,1,1,4,NULL,NULL,NULL,'2025-09-25 11:31:31',4,'7132','17','17',NULL,NULL),(145,478,1,1,4,NULL,NULL,NULL,'2025-09-25 11:31:31',4,'7133','02','02',NULL,NULL),(146,479,1,1,4,NULL,NULL,NULL,'2025-09-25 11:31:31',4,'7133','03','03',NULL,NULL),(147,452,1,1,4,NULL,NULL,NULL,'2025-09-25 11:31:31',4,'7135','04','04',NULL,NULL),(148,480,1,1,4,NULL,NULL,NULL,'2025-09-25 11:31:31',4,'7135','05','05',NULL,NULL),(149,481,1,1,4,NULL,NULL,NULL,'2025-09-25 11:31:31',4,'7135','01','01',NULL,NULL),(150,482,1,1,4,NULL,NULL,NULL,'2025-09-25 11:31:31',4,'7135','13','13',NULL,NULL),(151,482,1,1,4,NULL,NULL,NULL,'2025-09-25 11:31:31',4,'7135','14','14',NULL,NULL),(152,483,1,1,4,NULL,NULL,NULL,'2025-09-25 11:31:31',4,'7135','16','16',NULL,NULL),(153,484,1,1,4,NULL,NULL,NULL,'2025-09-25 11:31:31',4,'7135','17','17',NULL,NULL),(154,485,1,1,4,NULL,NULL,NULL,'2025-09-25 11:31:31',4,'7135','21','21',NULL,NULL),(155,486,1,1,4,NULL,NULL,NULL,'2025-09-25 11:31:32',4,'7135','22','22',NULL,NULL),(156,487,1,1,4,NULL,NULL,NULL,'2025-09-25 11:31:32',4,'7135','26','26',NULL,NULL),(157,488,1,1,4,NULL,NULL,NULL,'2025-09-25 11:31:32',4,'7135','27','27',NULL,NULL),(158,489,1,1,4,NULL,NULL,NULL,'2025-09-25 11:31:32',4,'7136','06','06',NULL,NULL),(159,490,1,1,4,NULL,NULL,NULL,'2025-09-25 11:31:32',4,'7136','08','08',NULL,NULL),(160,491,1,1,4,NULL,NULL,NULL,'2025-09-25 11:31:32',4,'7136','09','09',NULL,NULL),(161,492,1,1,4,NULL,NULL,NULL,'2025-09-25 11:31:32',4,'7136','12','12',NULL,NULL),(162,493,1,1,4,NULL,NULL,NULL,'2025-09-25 11:31:32',4,'7136','14','14',NULL,NULL),(163,494,1,1,4,NULL,NULL,NULL,'2025-09-25 11:31:32',4,'7136','19','19',NULL,NULL),(164,495,1,1,4,NULL,NULL,NULL,'2025-09-25 11:31:32',5,'7145','11','11',NULL,NULL),(165,496,1,1,4,NULL,NULL,NULL,'2025-09-25 11:31:32',5,'7145','08','08',NULL,NULL),(166,496,1,1,4,NULL,NULL,NULL,'2025-09-25 11:31:32',5,'7145','07','07',NULL,NULL),(167,497,1,1,4,NULL,NULL,NULL,'2025-09-25 11:31:32',4,'7139','15','15',NULL,NULL),(168,498,1,1,4,NULL,NULL,NULL,'2025-09-25 11:31:32',5,'7147','06','06',NULL,NULL),(169,499,1,1,4,NULL,NULL,NULL,'2025-09-25 11:31:33',5,'7146','14','14',NULL,NULL),(170,500,1,1,4,NULL,NULL,NULL,'2025-09-25 11:31:33',5,'7145','12','12',NULL,NULL),(171,501,1,1,4,NULL,NULL,NULL,'2025-09-25 11:31:33',5,'7142','14','14',NULL,NULL),(172,502,1,1,4,NULL,NULL,NULL,'2025-09-25 11:31:33',5,'7143','16','16',NULL,NULL),(173,503,1,1,4,NULL,NULL,NULL,'2025-09-25 11:31:33',5,'7146','12','12',NULL,NULL),(174,504,1,1,4,NULL,NULL,NULL,'2025-09-25 11:31:33',5,'7145','17','17',NULL,NULL),(175,505,1,1,4,NULL,NULL,NULL,'2025-09-25 11:31:33',5,'7142','02','02',NULL,NULL),(176,506,1,1,4,NULL,NULL,NULL,'2025-09-25 11:31:33',3,'7119','06','06',NULL,NULL),(177,507,1,1,4,NULL,NULL,NULL,'2025-09-25 11:31:33',5,'7146','06','06',NULL,NULL),(178,508,1,1,4,NULL,NULL,NULL,'2025-09-25 11:31:33',5,'7148','29','29',NULL,NULL),(179,509,1,1,4,NULL,NULL,NULL,'2025-09-25 11:31:33',5,'7144','23','23',NULL,NULL),(180,510,1,1,4,NULL,NULL,NULL,'2025-09-25 11:31:33',5,'7146','03','03',NULL,NULL),(181,510,1,1,4,NULL,NULL,NULL,'2025-09-25 11:31:33',5,'7146','04','04',NULL,NULL),(182,511,1,1,4,NULL,NULL,NULL,'2025-09-25 11:31:33',5,'7143','12','12',NULL,NULL),(183,512,1,1,4,NULL,NULL,NULL,'2025-09-25 11:31:34',5,'7147','02','02',NULL,NULL),(184,513,1,1,4,NULL,NULL,NULL,'2025-09-25 11:31:34',5,'7145','05','05',NULL,NULL),(185,514,1,1,4,NULL,NULL,NULL,'2025-09-25 11:31:34',5,'7145','09','09',NULL,NULL),(186,515,1,1,4,NULL,NULL,NULL,'2025-09-25 11:31:34',5,'7144','12','12',NULL,NULL),(187,516,1,1,4,NULL,NULL,NULL,'2025-09-25 11:31:34',5,'7143','08','08',NULL,NULL),(188,517,1,1,4,NULL,NULL,NULL,'2025-09-25 11:31:34',5,'7146','01','01',NULL,NULL),(189,518,1,1,4,NULL,NULL,NULL,'2025-09-25 11:31:34',4,'7140','16','16',NULL,NULL),(190,519,1,1,4,NULL,NULL,NULL,'2025-09-25 11:31:34',4,'7140','19','19',NULL,NULL),(191,520,1,1,4,NULL,NULL,NULL,'2025-09-25 11:31:34',4,'7137','18','18',NULL,NULL),(192,521,1,1,4,NULL,NULL,NULL,'2025-09-25 11:31:34',4,'7130','02','02',NULL,NULL),(193,522,1,1,4,NULL,NULL,NULL,'2025-09-25 11:31:34',4,'7130','05','05',NULL,NULL),(194,523,1,1,4,NULL,NULL,NULL,'2025-09-25 11:31:34',4,'7138','19','19',NULL,NULL),(195,524,1,1,4,NULL,NULL,NULL,'2025-09-25 11:31:34',4,'7137','17','17',NULL,NULL),(196,525,1,1,4,NULL,NULL,NULL,'2025-09-25 11:31:34',4,'7138','18','18',NULL,NULL),(197,526,1,1,4,NULL,NULL,NULL,'2025-09-25 11:31:35',4,'7138','24','24',NULL,NULL),(198,527,1,1,4,NULL,NULL,NULL,'2025-09-25 11:31:35',4,'7138','29','29',NULL,NULL),(199,528,1,1,4,NULL,NULL,NULL,'2025-09-25 11:31:35',4,'7138','31','31',NULL,NULL),(200,529,1,1,4,NULL,NULL,NULL,'2025-09-25 11:31:35',4,'7138','33','33',NULL,NULL),(201,530,1,1,4,NULL,NULL,NULL,'2025-09-25 11:31:35',4,'7138','36','36',NULL,NULL),(202,531,1,1,4,NULL,NULL,NULL,'2025-09-25 11:31:35',4,'7138','38','38',NULL,NULL),(203,532,1,1,4,NULL,NULL,NULL,'2025-09-25 11:31:35',4,'7137','05','05',NULL,NULL),(204,533,1,1,4,NULL,NULL,NULL,'2025-09-25 11:31:35',4,'7135','23','23',NULL,NULL),(205,534,1,1,4,NULL,NULL,NULL,'2025-09-25 11:31:35',3,'7111','15','15',NULL,NULL),(206,535,1,1,4,NULL,NULL,NULL,'2025-09-25 11:31:35',3,'7111','07','07',NULL,NULL),(207,536,1,1,4,NULL,NULL,NULL,'2025-09-25 11:31:35',4,'7135','15','15',NULL,NULL),(208,537,1,1,4,NULL,NULL,NULL,'2025-09-25 11:31:35',4,'7135','24','24',NULL,NULL),(209,538,1,1,4,NULL,NULL,NULL,'2025-09-25 11:31:35',4,'7137','06','06',NULL,NULL),(210,539,1,1,4,NULL,NULL,NULL,'2025-09-25 11:31:35',4,'7137','02','02',NULL,NULL),(211,540,1,1,4,NULL,NULL,NULL,'2025-09-25 11:31:36',4,'7137','03','03',NULL,NULL),(212,541,1,1,4,NULL,NULL,NULL,'2025-09-25 11:31:36',4,'7137','04','04',NULL,NULL),(213,542,1,1,4,NULL,NULL,NULL,'2025-09-25 11:31:36',4,'7137','08','08',NULL,NULL),(214,389,1,1,4,NULL,NULL,NULL,'2025-09-25 11:31:36',4,'7137','09','09',NULL,NULL),(215,543,1,1,4,NULL,NULL,NULL,'2025-09-25 11:31:36',4,'7138','04','04',NULL,NULL),(216,544,1,1,4,NULL,NULL,NULL,'2025-09-25 11:31:36',4,'7138','07','07',NULL,NULL),(217,545,1,1,4,NULL,NULL,NULL,'2025-09-25 11:31:36',4,'7138','09','09',NULL,NULL),(218,546,1,1,4,NULL,NULL,NULL,'2025-09-25 11:31:36',4,'7138','01','01',NULL,NULL),(219,547,1,1,4,NULL,NULL,NULL,'2025-09-25 11:31:36',4,'7138','11','11',NULL,NULL),(220,548,1,1,4,NULL,NULL,NULL,'2025-09-25 11:31:36',4,'7138','16','16',NULL,NULL),(221,549,1,1,4,NULL,NULL,NULL,'2025-09-25 11:31:36',4,'7135','28','28',NULL,NULL),(222,550,1,1,4,NULL,NULL,NULL,'2025-09-25 11:31:36',3,'7110','03','03',NULL,NULL),(223,551,1,1,4,NULL,NULL,NULL,'2025-09-25 11:31:36',4,'7135','06','06',NULL,NULL),(224,552,1,1,4,NULL,NULL,NULL,'2025-09-25 11:31:36',4,'7135','01','01',NULL,NULL),(225,553,1,1,4,NULL,NULL,NULL,'2025-09-25 11:31:36',3,'7111','17','17',NULL,NULL),(226,554,1,1,4,NULL,NULL,NULL,'2025-09-25 11:31:37',3,'7117','09','09',NULL,NULL),(227,555,1,1,4,NULL,NULL,NULL,'2025-09-25 11:31:37',4,'7133','09','09',NULL,NULL),(228,556,1,1,4,NULL,NULL,NULL,'2025-09-25 11:31:37',4,'7133','01','01',NULL,NULL),(229,557,1,1,4,NULL,NULL,NULL,'2025-09-25 11:31:37',4,'7133','11','11',NULL,NULL),(230,558,1,1,4,NULL,NULL,NULL,'2025-09-25 11:31:37',3,'7111','04','04',NULL,NULL),(231,559,1,1,4,NULL,NULL,NULL,'2025-09-25 11:31:37',3,'7111','12','12',NULL,NULL),(232,559,1,1,4,NULL,NULL,NULL,'2025-09-25 11:31:37',3,'7111','11','11',NULL,NULL),(233,560,1,1,4,NULL,NULL,NULL,'2025-09-25 11:31:37',3,'7111','16','16',NULL,NULL),(234,561,1,1,4,NULL,NULL,NULL,'2025-09-25 11:31:37',4,'7133','12','12',NULL,NULL),(235,562,1,1,4,NULL,NULL,NULL,'2025-09-25 11:31:37',2,'7106','09','09',NULL,NULL),(236,563,1,1,4,NULL,NULL,NULL,'2025-09-25 11:31:37',3,'7111','02','02',NULL,NULL),(237,564,1,1,4,NULL,NULL,NULL,'2025-09-25 11:31:37',3,'7111','05','05',NULL,NULL),(238,565,1,1,4,NULL,NULL,NULL,'2025-09-25 11:31:37',3,'7110','15','15',NULL,NULL),(239,566,1,1,4,NULL,NULL,NULL,'2025-09-25 11:31:37',3,'7110','17','17',NULL,NULL),(240,567,1,1,4,NULL,NULL,NULL,'2025-09-25 11:31:37',4,'7133','05','05',NULL,NULL),(241,568,1,1,4,NULL,NULL,NULL,'2025-09-25 11:31:38',4,'7133','06','06',NULL,NULL),(242,569,1,1,4,NULL,NULL,NULL,'2025-09-25 11:31:38',4,'7133','01','01',NULL,NULL),(243,570,1,1,4,NULL,NULL,NULL,'2025-09-25 11:31:38',3,'7116','17','17',NULL,NULL),(244,571,1,1,4,NULL,NULL,NULL,'2025-09-25 11:31:38',3,'7115','27','27',NULL,NULL),(245,572,1,1,4,NULL,NULL,NULL,'2025-09-25 11:31:38',3,'7116','21','21',NULL,NULL),(246,573,1,1,4,NULL,NULL,NULL,'2025-09-25 11:31:38',3,'7110','05','05',NULL,NULL),(247,574,1,1,4,NULL,NULL,NULL,'2025-09-25 11:31:38',3,'7117','08','08',NULL,NULL),(248,575,1,1,4,NULL,NULL,NULL,'2025-09-25 11:31:38',3,'7111','14','14',NULL,NULL),(249,576,1,1,4,NULL,NULL,NULL,'2025-09-25 11:31:38',3,'7111','13','13',NULL,NULL),(250,577,1,1,4,NULL,NULL,NULL,'2025-09-25 11:31:38',2,'7107','03','03',NULL,NULL),(251,578,1,1,4,NULL,NULL,NULL,'2025-09-25 11:31:38',3,'7116','32','32',NULL,NULL),(252,579,1,1,4,NULL,NULL,NULL,'2025-09-25 11:31:38',3,'7117','15','15',NULL,NULL),(253,580,1,1,4,NULL,NULL,NULL,'2025-09-25 11:31:38',3,'7117','03','03',NULL,NULL),(254,581,1,1,4,NULL,NULL,NULL,'2025-09-25 11:31:38',3,'7117','04','04',NULL,NULL),(255,582,1,1,4,NULL,NULL,NULL,'2025-09-25 11:31:39',3,'7116','29','29',NULL,NULL),(256,583,1,1,4,NULL,NULL,NULL,'2025-09-25 11:31:39',3,'7116','03','03',NULL,NULL),(257,584,1,1,4,NULL,NULL,NULL,'2025-09-25 11:31:39',3,'7117','13','13',NULL,NULL),(258,585,1,1,4,NULL,NULL,NULL,'2025-09-25 11:31:39',3,'7110','04','04',NULL,NULL),(259,586,1,1,4,NULL,NULL,NULL,'2025-09-25 11:31:39',2,'7107','02','02',NULL,NULL),(260,587,1,1,4,NULL,NULL,NULL,'2025-09-25 11:31:39',2,'7108','17','17',NULL,NULL),(261,588,1,1,4,NULL,NULL,NULL,'2025-09-25 11:31:39',3,'7116','26','26',NULL,NULL),(262,589,1,1,4,NULL,NULL,NULL,'2025-09-25 11:31:39',3,'7116','04','04',NULL,NULL),(263,590,1,1,4,NULL,NULL,NULL,'2025-09-25 11:31:39',2,'7107','04','04',NULL,NULL),(264,591,1,1,4,NULL,NULL,NULL,'2025-09-25 11:31:39',2,'7107','05','05',NULL,NULL),(265,592,1,1,4,NULL,NULL,NULL,'2025-09-25 11:31:39',3,'7117','12','12',NULL,NULL),(266,593,1,1,4,NULL,NULL,NULL,'2025-09-25 11:31:39',3,'7117','06','06',NULL,NULL),(267,594,1,1,4,NULL,NULL,NULL,'2025-09-25 11:31:39',3,'7117','11','11',NULL,NULL),(268,595,1,1,4,NULL,NULL,NULL,'2025-09-25 11:31:39',3,'7117','03','03',NULL,NULL),(269,596,1,1,4,NULL,NULL,NULL,'2025-09-25 11:31:40',3,'7117','31','31',NULL,NULL),(270,597,1,1,4,NULL,NULL,NULL,'2025-09-25 11:31:40',3,'7117','34','34',NULL,NULL),(271,598,1,1,4,NULL,NULL,NULL,'2025-09-25 11:31:40',2,'7106','08','08',NULL,NULL),(272,599,1,1,4,NULL,NULL,NULL,'2025-09-25 11:31:40',2,'7106','07','07',NULL,NULL),(273,600,1,1,4,NULL,NULL,NULL,'2025-09-25 11:31:40',3,'7117','24','24',NULL,NULL),(274,601,1,1,4,NULL,NULL,NULL,'2025-09-25 11:31:40',3,'7117','25','25',NULL,NULL),(275,602,1,1,4,NULL,NULL,NULL,'2025-09-25 11:31:40',3,'7117','26','26',NULL,NULL),(276,603,1,1,4,NULL,NULL,NULL,'2025-09-25 11:31:40',3,'7117','27','27',NULL,NULL),(277,604,1,1,4,NULL,NULL,NULL,'2025-09-25 11:31:40',3,'7117','28','28',NULL,NULL),(278,605,1,1,4,NULL,NULL,NULL,'2025-09-25 11:31:40',2,'7106','06','06',NULL,NULL),(279,606,1,1,4,NULL,NULL,NULL,'2025-09-25 11:31:40',3,'7110','13','13',NULL,NULL),(280,607,1,1,4,NULL,NULL,NULL,'2025-09-25 11:31:40',3,'7110','06','06',NULL,NULL),(281,608,1,1,4,NULL,NULL,NULL,'2025-09-25 11:31:40',3,'7117','02','02',NULL,NULL),(282,609,1,1,4,NULL,NULL,NULL,'2025-09-25 11:31:41',3,'7114','A1','A1',NULL,NULL),(283,610,1,1,4,NULL,NULL,NULL,'2025-09-25 11:31:41',3,'7114','A2','A2',NULL,NULL),(284,611,1,1,4,NULL,NULL,NULL,'2025-09-25 11:31:41',3,'7114','A2D','A2D',NULL,NULL),(285,586,1,1,4,NULL,NULL,NULL,'2025-09-25 11:31:41',3,'7114','A3','A3',NULL,NULL),(286,612,1,1,4,NULL,NULL,NULL,'2025-09-25 11:31:41',3,'7114','A3D','A3D',NULL,NULL),(287,613,1,1,4,NULL,NULL,NULL,'2025-09-25 11:31:41',3,'7114','AP','AP',NULL,NULL),(288,614,1,1,4,NULL,NULL,NULL,'2025-09-25 11:31:41',3,'7114','APBD','APBD',NULL,NULL),(289,615,1,1,4,NULL,NULL,NULL,'2025-09-25 11:31:41',3,'7114','01','01',NULL,NULL),(290,616,1,1,4,NULL,NULL,NULL,'2025-09-25 11:31:41',3,'7114','1D','1D',NULL,NULL),(291,615,1,1,4,NULL,NULL,NULL,'2025-09-25 11:31:41',3,'7114','02','02',NULL,NULL),(292,617,1,1,4,NULL,NULL,NULL,'2025-09-25 11:31:41',3,'7114','03','03',NULL,NULL),(293,618,1,1,4,NULL,NULL,NULL,'2025-09-25 11:31:41',3,'7114','3D','3D',NULL,NULL),(294,619,1,1,4,NULL,NULL,NULL,'2025-09-25 11:31:41',3,'7114','P','P',NULL,NULL),(295,620,1,1,4,NULL,NULL,NULL,'2025-09-25 11:31:41',4,'7129','E1','E1',NULL,NULL),(296,621,1,1,4,NULL,NULL,NULL,'2025-09-25 11:31:41',4,'7129','E1D','E1D',NULL,NULL),(297,622,1,1,4,NULL,NULL,NULL,'2025-09-25 11:31:41',4,'7129','E2D','E2D',NULL,NULL),(298,623,1,1,4,NULL,NULL,NULL,'2025-09-25 11:31:42',4,'7129','E3','E3',NULL,NULL),(299,624,1,1,4,NULL,NULL,NULL,'2025-09-25 11:31:42',4,'7129','EP','EP',NULL,NULL),(300,625,1,1,4,NULL,NULL,NULL,'2025-09-25 11:31:42',1,'7102','03','03',NULL,NULL),(301,626,1,4,4,NULL,NULL,NULL,'2025-09-25 11:31:42',1,'7102','11','11',NULL,NULL),(302,627,1,4,4,NULL,NULL,NULL,'2025-09-25 11:31:42',1,'7103','15','15',NULL,NULL),(303,628,1,4,4,NULL,NULL,NULL,'2025-09-25 11:31:42',1,'7104','33','33',NULL,NULL),(304,629,1,1,4,NULL,NULL,NULL,'2025-09-25 11:31:42',1,'7104','08','08',NULL,NULL),(305,630,1,1,4,NULL,NULL,NULL,'2025-09-25 11:31:42',1,'7101','04','04',NULL,NULL),(306,631,1,1,4,NULL,NULL,NULL,'2025-09-25 11:31:42',1,'7100','13','13',NULL,NULL),(307,632,1,4,4,NULL,NULL,NULL,'2025-09-25 11:31:42',1,'7104','14','14',NULL,NULL),(308,633,1,1,4,NULL,NULL,NULL,'2025-09-25 11:31:42',3,'7115','23','23',NULL,NULL),(309,634,1,3,4,NULL,NULL,NULL,'2025-09-25 11:31:42',3,'7116','27','27',NULL,NULL),(310,635,1,1,4,NULL,NULL,NULL,'2025-09-25 11:31:42',5,'7144','11','11',NULL,NULL),(311,636,1,1,4,NULL,NULL,NULL,'2025-09-25 11:31:42',5,'7144','07','07',NULL,NULL),(312,637,1,1,4,NULL,NULL,NULL,'2025-09-25 11:31:43',3,'7110','12','12',NULL,NULL),(313,638,1,1,4,NULL,NULL,NULL,'2025-09-25 11:31:43',3,'7117','07','07',NULL,NULL),(314,639,1,1,4,NULL,NULL,NULL,'2025-09-25 11:31:43',3,'7117','01','01',NULL,NULL),(315,640,1,4,4,NULL,NULL,NULL,'2025-09-25 11:31:43',3,'7117','16','16',NULL,NULL),(316,641,1,4,4,NULL,NULL,NULL,'2025-09-25 11:31:43',3,'7117','17','17',NULL,NULL),(317,642,1,4,4,NULL,NULL,NULL,'2025-09-25 11:31:43',3,'7117','19','19',NULL,NULL),(318,643,1,4,4,NULL,NULL,NULL,'2025-09-25 11:31:43',3,'7117','18','18',NULL,NULL),(319,644,1,1,4,NULL,NULL,NULL,'2025-09-25 11:31:43',3,'7119','03','03',NULL,NULL),(320,645,1,1,4,NULL,NULL,NULL,'2025-09-25 11:31:43',3,'7110','16','16',NULL,NULL),(321,646,1,1,4,NULL,NULL,NULL,'2025-09-25 11:31:43',1,'7100','04','04',NULL,NULL),(322,647,1,1,4,NULL,NULL,NULL,'2025-09-25 11:31:43',1,'7103','03','03',NULL,NULL),(323,648,1,3,4,NULL,NULL,NULL,'2025-09-25 11:31:43',2,'7108','14','14',NULL,NULL),(324,649,1,1,4,NULL,NULL,NULL,'2025-09-25 11:31:43',2,'7108','03','03',NULL,NULL),(325,650,1,1,4,NULL,NULL,NULL,'2025-09-25 11:31:44',2,'7108','01','01',NULL,NULL),(326,651,1,3,4,NULL,NULL,NULL,'2025-09-25 11:31:44',3,'7116','31','31',NULL,NULL),(327,652,1,1,4,NULL,NULL,NULL,'2025-09-25 11:31:44',4,'7137','01','01',NULL,NULL),(328,653,1,1,4,NULL,NULL,NULL,'2025-09-25 11:31:44',5,'7144','01','01',NULL,NULL),(329,654,1,1,4,NULL,NULL,NULL,'2025-09-25 11:31:44',4,'7131','11','11',NULL,NULL),(330,655,1,1,4,NULL,NULL,NULL,'2025-09-25 11:31:44',4,'7138','22','22',NULL,NULL),(331,656,1,1,4,NULL,NULL,NULL,'2025-09-25 11:31:44',5,'7145','15','15',NULL,NULL),(332,657,1,1,4,NULL,NULL,NULL,'2025-09-25 11:31:44',5,'7146','13','13',NULL,NULL),(333,658,1,3,4,NULL,NULL,NULL,'2025-09-25 11:31:44',3,'7115','18','18',NULL,NULL),(334,659,1,4,4,NULL,NULL,NULL,'2025-09-25 11:31:44',1,'7104','34','34',NULL,NULL),(335,660,1,1,4,NULL,NULL,NULL,'2025-09-25 11:31:44',3,'7116','12','12',NULL,NULL),(336,661,1,4,4,NULL,NULL,NULL,'2025-09-25 11:31:44',3,'7116','15','15',NULL,NULL),(337,662,1,4,4,NULL,NULL,NULL,'2025-09-25 11:31:44',3,'7116','16','16',NULL,NULL),(338,663,1,1,4,NULL,NULL,NULL,'2025-09-25 11:31:44',3,'7117','02','02',NULL,NULL),(339,664,1,1,4,NULL,NULL,NULL,'2025-09-25 11:31:45',1,'7103','05','05',NULL,NULL),(340,665,1,1,4,NULL,NULL,NULL,'2025-09-25 11:31:45',3,'7115','02','02',NULL,NULL),(341,666,1,1,4,NULL,NULL,NULL,'2025-09-25 11:31:45',3,'7115','07','07',NULL,NULL),(342,667,1,1,4,NULL,NULL,NULL,'2025-09-25 11:31:45',1,'7102','06','06',NULL,NULL),(343,668,1,4,4,NULL,NULL,NULL,'2025-09-25 11:31:45',1,'7102','12','12',NULL,NULL),(344,669,1,1,4,NULL,NULL,NULL,'2025-09-25 11:31:45',1,'7104','17','17',NULL,NULL),(345,670,1,1,4,NULL,NULL,NULL,'2025-09-25 11:31:45',1,'7100','05','05',NULL,NULL),(346,671,1,1,4,NULL,NULL,NULL,'2025-09-25 11:31:45',1,'7100','01','01',NULL,NULL),(347,672,1,4,4,NULL,NULL,NULL,'2025-09-25 11:31:45',1,'7102','13','13',NULL,NULL),(348,673,1,1,4,NULL,NULL,NULL,'2025-09-25 11:31:45',1,'7103','03','03',NULL,NULL),(349,674,1,1,4,NULL,NULL,NULL,'2025-09-25 11:31:45',4,'7138','13','13',NULL,NULL),(350,675,1,1,4,NULL,NULL,NULL,'2025-09-25 11:31:45',4,'7132','02','02',NULL,NULL),(351,676,1,1,4,NULL,NULL,NULL,'2025-09-25 11:31:45',4,'7131','09','09',NULL,NULL),(352,677,1,1,4,NULL,NULL,NULL,'2025-09-25 11:31:45',4,'7132','01','01',NULL,NULL),(353,678,1,1,4,NULL,NULL,NULL,'2025-09-25 11:31:46',4,'7137','33','33',NULL,NULL),(354,679,1,1,4,NULL,NULL,NULL,'2025-09-25 11:31:46',4,'7133','16','16',NULL,NULL),(355,680,1,1,4,NULL,NULL,NULL,'2025-09-25 11:31:46',4,'7136','01','01',NULL,NULL),(356,681,1,1,4,NULL,NULL,NULL,'2025-09-25 11:31:46',4,'7136','02','02',NULL,NULL),(357,682,1,1,4,NULL,NULL,NULL,'2025-09-25 11:31:46',4,'7136','29','29',NULL,NULL),(358,683,1,1,4,NULL,NULL,NULL,'2025-09-25 11:31:46',4,'7137','28','28',NULL,NULL),(359,684,1,1,4,NULL,NULL,NULL,'2025-09-25 11:31:46',4,'7131','07','07',NULL,NULL),(360,685,1,1,4,NULL,NULL,NULL,'2025-09-25 11:31:46',4,'7137','31','31',NULL,NULL),(361,686,1,1,4,NULL,NULL,NULL,'2025-09-25 11:31:46',4,'7137','32','32',NULL,NULL),(362,687,1,1,4,NULL,NULL,NULL,'2025-09-25 11:31:46',4,'7138','26','26',NULL,NULL),(363,688,1,1,4,NULL,NULL,NULL,'2025-09-25 11:31:46',5,'7143','03','03',NULL,NULL),(364,689,1,1,4,NULL,NULL,NULL,'2025-09-25 11:31:46',4,'7131','12','12',NULL,NULL),(365,690,1,1,4,NULL,NULL,NULL,'2025-09-25 11:31:46',5,'7146','09','09',NULL,NULL),(366,691,1,1,4,NULL,NULL,NULL,'2025-09-25 11:31:46',4,'7129','E1E','E1E',NULL,NULL),(367,692,1,1,4,NULL,NULL,NULL,'2025-09-25 11:31:47',3,'7114','PBC','PBC',NULL,NULL),(368,693,1,1,4,NULL,NULL,NULL,'2025-09-25 11:31:47',4,'7129','D1E','D1E',NULL,NULL),(369,382,1,1,4,NULL,NULL,NULL,'2025-09-25 11:31:47',3,'7114','A1A','A1A',NULL,NULL),(370,694,1,1,4,NULL,NULL,NULL,'2025-09-25 11:31:47',3,'7114','A1C','A1C',NULL,NULL),(371,474,1,1,4,NULL,NULL,NULL,'2025-09-25 11:31:47',3,'7114','A1E','A1E',NULL,NULL),(372,695,1,1,4,NULL,NULL,NULL,'2025-09-25 11:31:47',3,'7114','A2A','A2A',NULL,NULL),(373,696,1,1,4,NULL,NULL,NULL,'2025-09-25 11:31:47',3,'7114','A2C','A2C',NULL,NULL),(374,697,1,1,4,NULL,NULL,NULL,'2025-09-25 11:31:47',3,'7114','A2E','A2E',NULL,NULL),(375,698,1,1,4,NULL,NULL,NULL,'2025-09-25 11:31:47',3,'7114','A3A','A3A',NULL,NULL),(376,699,1,1,4,NULL,NULL,NULL,'2025-09-25 11:31:47',3,'7114','A3C','A3C',NULL,NULL),(377,700,1,1,4,NULL,NULL,NULL,'2025-09-25 11:31:47',3,'7114','A3E','A3E',NULL,NULL),(378,701,1,1,4,NULL,NULL,NULL,'2025-09-25 11:31:47',3,'7114','APBA','APBA',NULL,NULL),(379,702,1,1,4,NULL,NULL,NULL,'2025-09-25 11:31:47',3,'7114','APBC','APBC',NULL,NULL),(380,703,1,1,4,NULL,NULL,NULL,'2025-09-25 11:31:47',3,'7114','APBE','APBE',NULL,NULL),(381,704,1,1,4,NULL,NULL,NULL,'2025-09-25 11:31:47',3,'7114','1A','1A',NULL,NULL),(382,705,1,1,4,NULL,NULL,NULL,'2025-09-25 11:31:47',3,'7114','1C','1C',NULL,NULL),(383,706,1,1,4,NULL,NULL,NULL,'2025-09-25 11:31:48',3,'7114','1E','1E',NULL,NULL),(384,707,1,1,4,NULL,NULL,NULL,'2025-09-25 11:31:48',3,'7114','2A','2A',NULL,NULL),(385,708,1,1,4,NULL,NULL,NULL,'2025-09-25 11:31:48',3,'7114','2C','2C',NULL,NULL),(386,709,1,1,4,NULL,NULL,NULL,'2025-09-25 11:31:48',3,'7114','2E','2E',NULL,NULL),(387,710,1,1,4,NULL,NULL,NULL,'2025-09-25 11:31:48',3,'7114','3A','3A',NULL,NULL),(388,711,1,1,4,NULL,NULL,NULL,'2025-09-25 11:31:48',3,'7114','3C','3C',NULL,NULL),(389,712,1,1,4,NULL,NULL,NULL,'2025-09-25 11:31:48',3,'7114','3E','3E',NULL,NULL),(390,713,1,1,4,NULL,NULL,NULL,'2025-09-25 11:31:48',3,'7114','PBA','PBA',NULL,NULL),(391,714,1,1,4,NULL,NULL,NULL,'2025-09-25 11:31:48',3,'7114','PBE','PBE',NULL,NULL),(392,715,1,1,4,NULL,NULL,NULL,'2025-09-25 11:31:48',4,'7129','D1A','D1A',NULL,NULL),(393,716,1,1,4,NULL,NULL,NULL,'2025-09-25 11:31:48',4,'7129','D2A','D2A',NULL,NULL),(394,717,1,1,4,NULL,NULL,NULL,'2025-09-25 11:31:48',4,'7129','D2E','D2E',NULL,NULL),(395,718,1,1,4,NULL,NULL,NULL,'2025-09-25 11:31:48',4,'7129','D3A','D3A',NULL,NULL),(396,719,1,1,4,NULL,NULL,NULL,'2025-09-25 11:31:48',4,'7129','D3C','D3C',NULL,NULL),(397,720,1,1,4,NULL,NULL,NULL,'2025-09-25 11:31:48',4,'7129','D3D','D3D',NULL,NULL),(398,721,1,1,4,NULL,NULL,NULL,'2025-09-25 11:31:49',4,'7129','D3E','D3E',NULL,NULL),(399,722,1,1,4,NULL,NULL,NULL,'2025-09-25 11:31:49',4,'7129','DPBE','DPBE',NULL,NULL),(400,411,1,1,4,NULL,NULL,NULL,'2025-09-25 11:31:49',4,'7129','E1A','E1A',NULL,NULL),(401,411,1,1,4,NULL,NULL,NULL,'2025-09-25 11:31:49',4,'7129','E2A','E2A',NULL,NULL),(402,723,1,1,4,NULL,NULL,NULL,'2025-09-25 11:31:49',4,'7129','E2C','E2C',NULL,NULL),(403,724,1,1,4,NULL,NULL,NULL,'2025-09-25 11:31:49',4,'7129','E2E','E2E',NULL,NULL),(404,725,1,1,4,NULL,NULL,NULL,'2025-09-25 11:31:49',4,'7129','E3A','E3A',NULL,NULL),(405,721,1,1,4,NULL,NULL,NULL,'2025-09-25 11:31:49',4,'7129','E3C','E3C',NULL,NULL),(406,726,1,1,4,NULL,NULL,NULL,'2025-09-25 11:31:49',4,'7129','E3E','E3E',NULL,NULL),(407,727,1,1,4,NULL,NULL,NULL,'2025-09-25 11:31:49',4,'7129','EPBA','EPBA',NULL,NULL),(408,566,1,1,4,NULL,NULL,NULL,'2025-09-25 11:31:49',4,'7129','EPBE','EPBE',NULL,NULL),(409,728,1,1,4,NULL,NULL,NULL,'2025-09-25 11:31:49',4,'7132','14','14',NULL,NULL),(410,729,1,1,4,NULL,NULL,NULL,'2025-09-25 11:31:49',4,'7132','07','07',NULL,NULL),(411,730,1,1,4,NULL,NULL,NULL,'2025-09-25 11:31:49',4,'7132','06','06',NULL,NULL),(412,731,1,1,4,NULL,NULL,NULL,'2025-09-25 11:31:49',4,'7132','11','11',NULL,NULL),(413,732,1,1,4,NULL,NULL,NULL,'2025-09-25 11:31:49',4,'7133','22','22',NULL,NULL),(414,733,1,1,4,NULL,NULL,NULL,'2025-09-25 11:31:49',4,'7136','26','26',NULL,NULL),(415,734,1,1,4,NULL,NULL,NULL,'2025-09-25 11:31:50',4,'7138','08','08',NULL,NULL),(416,735,1,1,4,NULL,NULL,NULL,'2025-09-25 11:31:50',5,'7143','13','13',NULL,NULL),(417,736,1,1,4,NULL,NULL,NULL,'2025-09-25 11:31:50',4,'7130','03','03',NULL,NULL),(418,737,1,1,4,NULL,NULL,NULL,'2025-09-25 11:31:50',4,'7138','02','02',NULL,NULL),(419,738,1,1,4,NULL,NULL,NULL,'2025-09-25 11:31:50',4,'7138','37','37',NULL,NULL),(420,739,1,1,4,NULL,NULL,NULL,'2025-09-25 11:31:50',1,'7100','02','02',NULL,NULL),(421,740,1,4,4,NULL,NULL,NULL,'2025-09-25 11:31:50',1,'7103','11','11',NULL,NULL),(422,470,1,1,4,NULL,NULL,NULL,'2025-09-25 11:31:50',3,'7116','05','05',NULL,NULL),(423,741,1,1,4,NULL,NULL,NULL,'2025-09-25 11:31:50',3,'7116','07','07',NULL,NULL),(424,742,1,1,4,NULL,NULL,NULL,'2025-09-25 11:31:50',4,'7132','16','16',NULL,NULL),(425,743,1,1,4,NULL,NULL,NULL,'2025-09-25 11:31:50',4,'7133','24','24',NULL,NULL),(426,744,1,1,4,NULL,NULL,NULL,'2025-09-25 11:31:50',4,'7136','03','03',NULL,NULL),(427,745,1,1,4,NULL,NULL,NULL,'2025-09-25 11:31:50',4,'7138','01','01',NULL,NULL),(428,746,1,1,4,NULL,NULL,NULL,'2025-09-25 11:31:50',4,'7136','18','18',NULL,NULL),(429,618,1,1,4,NULL,NULL,NULL,'2025-09-25 11:31:50',4,'7136','25','25',NULL,NULL),(430,747,1,3,4,NULL,NULL,NULL,'2025-09-25 11:31:51',3,'7117','32','32',NULL,NULL),(431,748,1,1,4,NULL,NULL,NULL,'2025-09-25 11:31:51',1,'7100','09','09',NULL,NULL),(432,749,1,1,4,NULL,NULL,NULL,'2025-09-25 11:31:51',1,'7102','04','04',NULL,NULL),(433,750,1,4,4,NULL,NULL,NULL,'2025-09-25 11:31:51',3,'7117','33','33',NULL,NULL),(434,751,1,1,4,NULL,NULL,NULL,'2025-09-25 11:31:51',4,'7131','06','06',NULL,NULL),(435,752,1,1,4,NULL,NULL,NULL,'2025-09-25 11:31:51',4,'7132','04','04',NULL,NULL),(436,615,1,1,4,NULL,NULL,NULL,'2025-09-25 11:31:51',4,'7132','08','08',NULL,NULL),(437,753,1,1,4,NULL,NULL,NULL,'2025-09-25 11:31:51',4,'7132','12','12',NULL,NULL),(438,754,1,1,4,NULL,NULL,NULL,'2025-09-25 11:31:51',4,'7132','15','15',NULL,NULL),(439,755,1,1,4,NULL,NULL,NULL,'2025-09-25 11:31:51',4,'7132','19','19',NULL,NULL),(440,756,1,1,4,NULL,NULL,NULL,'2025-09-25 11:31:51',4,'7133','02','02',NULL,NULL),(441,757,1,1,4,NULL,NULL,NULL,'2025-09-25 11:31:51',4,'7136','27','27',NULL,NULL),(442,758,1,1,4,NULL,NULL,NULL,'2025-09-25 11:31:51',4,'7138','34','34',NULL,NULL),(443,759,1,1,4,NULL,NULL,NULL,'2025-09-25 11:31:51',4,'7132','13','13',NULL,NULL),(444,760,1,1,4,NULL,NULL,NULL,'2025-09-25 11:31:51',4,'7133','17','17',NULL,NULL),(445,761,1,1,4,NULL,NULL,NULL,'2025-09-25 11:31:52',4,'7133','21','21',NULL,NULL),(446,762,1,1,4,NULL,NULL,NULL,'2025-09-25 11:31:52',4,'7137','27','27',NULL,NULL),(447,763,1,1,4,NULL,NULL,NULL,'2025-09-25 11:31:52',4,'7138','27','27',NULL,NULL),(448,764,1,1,4,NULL,NULL,NULL,'2025-09-25 11:31:52',4,'7133','18','18',NULL,NULL),(449,765,1,1,4,NULL,NULL,NULL,'2025-09-25 11:31:52',4,'7135','18','18',NULL,NULL),(450,766,1,1,4,NULL,NULL,NULL,'2025-09-25 11:31:52',4,'7136','21','21',NULL,NULL),(451,767,1,1,4,NULL,NULL,NULL,'2025-09-25 11:31:52',4,'7136','24','24',NULL,NULL),(452,768,1,1,4,NULL,NULL,NULL,'2025-09-25 11:31:52',4,'7136','28','28',NULL,NULL),(453,769,1,1,4,NULL,NULL,NULL,'2025-09-25 11:31:52',4,'7137','29','29',NULL,NULL),(454,770,1,1,4,NULL,NULL,NULL,'2025-09-25 11:31:52',4,'7137','03','03',NULL,NULL),(455,771,1,1,4,NULL,NULL,NULL,'2025-09-25 11:31:52',4,'7138','03','03',NULL,NULL),(456,772,1,1,4,NULL,NULL,NULL,'2025-09-25 11:31:52',4,'7138','21','21',NULL,NULL),(457,529,1,1,4,NULL,NULL,NULL,'2025-09-25 11:31:52',5,'7143','02','02',NULL,NULL),(458,773,1,1,4,NULL,NULL,NULL,'2025-09-25 11:31:52',5,'7146','01','01',NULL,NULL),(459,774,1,1,4,NULL,NULL,NULL,'2025-09-25 11:31:52',5,'7148','26','26',NULL,NULL),(460,775,1,1,4,NULL,NULL,NULL,'2025-09-25 11:31:53',4,'7135','03','03',NULL,NULL),(461,776,1,1,4,NULL,NULL,NULL,'2025-09-25 11:31:53',4,'7136','17','17',NULL,NULL),(462,777,1,1,4,NULL,NULL,NULL,'2025-09-25 11:31:53',5,'7145','01','01',NULL,NULL),(463,778,1,1,4,NULL,NULL,NULL,'2025-09-25 11:31:53',1,'7100','11','11',NULL,NULL),(464,779,1,1,4,NULL,NULL,NULL,'2025-09-25 11:31:53',4,'7132','01','01',NULL,NULL),(465,780,1,1,4,NULL,NULL,NULL,'2025-09-25 11:31:53',4,'7133','14','14',NULL,NULL),(466,781,1,1,4,NULL,NULL,NULL,'2025-09-25 11:31:53',4,'7136','04','04',NULL,NULL),(467,782,1,4,4,NULL,NULL,NULL,'2025-09-25 11:31:53',3,'7117','23','23',NULL,NULL),(468,783,1,1,4,NULL,NULL,NULL,'2025-09-25 11:31:53',4,'7133','07','07',NULL,NULL),(469,784,1,1,4,NULL,NULL,NULL,'2025-09-25 11:31:53',5,'7143','07','07',NULL,NULL),(470,785,1,1,4,NULL,NULL,NULL,'2025-09-25 11:31:53',1,'7100','02','02',NULL,NULL),(471,786,1,4,4,NULL,NULL,NULL,'2025-09-25 11:31:53',1,'7103','29','29',NULL,NULL),(472,787,1,1,4,NULL,NULL,NULL,'2025-09-25 11:31:53',3,'7111','06','06',NULL,NULL),(473,788,1,1,4,NULL,NULL,NULL,'2025-09-25 11:31:53',2,'7106','01','01',NULL,NULL),(474,789,1,4,4,NULL,NULL,NULL,'2025-09-25 11:31:54',2,'7108','11','11',NULL,NULL),(475,790,1,4,4,NULL,NULL,NULL,'2025-09-25 11:31:54',2,'7108','13','13',NULL,NULL),(476,791,1,1,4,NULL,NULL,NULL,'2025-09-25 11:31:54',3,'7110','02','02',NULL,NULL),(477,792,1,1,4,NULL,NULL,NULL,'2025-09-25 11:31:54',3,'7110','07','07',NULL,NULL),(478,793,1,1,4,NULL,NULL,NULL,'2025-09-25 11:31:54',3,'7110','08','08',NULL,NULL),(479,794,1,1,4,NULL,NULL,NULL,'2025-09-25 11:31:54',3,'7110','09','09',NULL,NULL),(480,795,1,1,4,NULL,NULL,NULL,'2025-09-25 11:31:54',3,'7110','14','14',NULL,NULL),(481,796,1,1,4,NULL,NULL,NULL,'2025-09-25 11:31:54',3,'7111','03','03',NULL,NULL),(482,797,1,1,4,NULL,NULL,NULL,'2025-09-25 11:31:54',3,'7111','09','09',NULL,NULL),(483,798,1,1,4,NULL,NULL,NULL,'2025-09-25 11:31:54',4,'7129','06','06',NULL,NULL),(484,691,1,1,4,NULL,NULL,NULL,'2025-09-25 11:31:54',5,'7147','03','03',NULL,NULL),(485,799,1,1,4,NULL,NULL,NULL,'2025-09-25 11:31:54',1,'7103','06','06',NULL,NULL),(486,800,1,4,4,NULL,NULL,NULL,'2025-09-25 11:31:54',2,'7108','21','21',NULL,NULL),(487,801,1,1,4,NULL,NULL,NULL,'2025-09-25 11:31:54',3,'7115','21','21',NULL,NULL),(488,802,1,1,4,NULL,NULL,NULL,'2025-09-25 11:31:55',1,'7102','02','02',NULL,NULL),(489,803,1,1,4,NULL,NULL,NULL,'2025-09-25 11:31:55',3,'7117','05','05',NULL,NULL),(490,804,1,1,4,NULL,NULL,NULL,'2025-09-25 11:31:55',1,'7100','12','12',NULL,NULL),(491,805,1,1,4,NULL,NULL,NULL,'2025-09-25 11:31:55',2,'7108','02','02',NULL,NULL),(492,806,1,3,4,NULL,NULL,NULL,'2025-09-25 11:31:55',3,'7116','28','28',NULL,NULL),(493,807,1,1,4,NULL,NULL,NULL,'2025-09-25 11:36:26',5,'7144','15','15',NULL,NULL);
/*!40000 ALTER TABLE `propiedad` ENABLE KEYS */;
UNLOCK TABLES;

--
-- Table structure for table `propiedad_paquetes_adicionales`
--

DROP TABLE IF EXISTS `propiedad_paquetes_adicionales`;
/*!40101 SET @saved_cs_client     = @@character_set_client */;
/*!50503 SET character_set_client = utf8mb4 */;
CREATE TABLE `propiedad_paquetes_adicionales` (
  `id` bigint(20) unsigned NOT NULL AUTO_INCREMENT,
  `propiedad_id` bigint(20) unsigned NOT NULL,
  `paquete_id` int(10) unsigned NOT NULL,
  `fecha_agregado` timestamp NOT NULL DEFAULT CURRENT_TIMESTAMP,
  PRIMARY KEY (`id`),
  UNIQUE KEY `uq_propiedad_paquete` (`propiedad_id`,`paquete_id`),
  KEY `idx_propiedad` (`propiedad_id`),
  KEY `idx_paquete` (`paquete_id`),
  CONSTRAINT `fk_prop_paq_paquete` FOREIGN KEY (`paquete_id`) REFERENCES `paquetes_adicionales` (`id`) ON DELETE CASCADE,
  CONSTRAINT `fk_prop_paq_propiedad` FOREIGN KEY (`propiedad_id`) REFERENCES `propiedad` (`id`) ON DELETE CASCADE
) ENGINE=InnoDB AUTO_INCREMENT=13 DEFAULT CHARSET=utf8 COLLATE=utf8_unicode_ci;
/*!40101 SET character_set_client = @saved_cs_client */;

--
-- Dumping data for table `propiedad_paquetes_adicionales`
--

LOCK TABLES `propiedad_paquetes_adicionales` WRITE;
/*!40000 ALTER TABLE `propiedad_paquetes_adicionales` DISABLE KEYS */;
INSERT INTO `propiedad_paquetes_adicionales` VALUES (3,5,1,'2025-09-01 18:28:00'),(8,16,1,'2025-09-18 13:37:22'),(9,16,2,'2025-09-18 13:37:22'),(11,15,1,'2025-09-18 13:53:46'),(12,17,1,'2025-09-18 14:06:53');
/*!40000 ALTER TABLE `propiedad_paquetes_adicionales` ENABLE KEYS */;
UNLOCK TABLES;

--
-- Table structure for table `responsable`
--

DROP TABLE IF EXISTS `responsable`;
/*!40101 SET @saved_cs_client     = @@character_set_client */;
/*!50503 SET character_set_client = utf8mb4 */;
CREATE TABLE `responsable` (
  `id` bigint(20) unsigned NOT NULL AUTO_INCREMENT,
  `nombre` varchar(60) COLLATE utf8_unicode_ci NOT NULL,
  `correo` varchar(120) COLLATE utf8_unicode_ci NOT NULL,
  `contrasena_hash` char(60) COLLATE utf8_unicode_ci DEFAULT NULL,
  `url_foto_perfil` varchar(255) COLLATE utf8_unicode_ci DEFAULT NULL,
  `area` varchar(40) COLLATE utf8_unicode_ci DEFAULT NULL,
  `estado` tinyint(1) DEFAULT '1',
  `fecha_ingreso` datetime DEFAULT CURRENT_TIMESTAMP,
  `fecha_actualizacion` datetime DEFAULT NULL ON UPDATE CURRENT_TIMESTAMP,
  `token` varchar(255) COLLATE utf8_unicode_ci DEFAULT NULL,
  `outlook_access_token` text COLLATE utf8_unicode_ci,
  `outlook_refresh_token` text COLLATE utf8_unicode_ci,
  `outlook_token_expires_at` datetime DEFAULT NULL,
  `outlook_subscription_id` varchar(255) COLLATE utf8_unicode_ci DEFAULT NULL,
  `outlook_client_state` varchar(255) COLLATE utf8_unicode_ci DEFAULT NULL,
  `outlook_calendar_id` varchar(255) COLLATE utf8_unicode_ci DEFAULT NULL,
  `onesignal_player_id` varchar(255) COLLATE utf8_unicode_ci DEFAULT NULL,
  `fecha_actualizacion_player_id` timestamp NULL DEFAULT NULL COMMENT 'Fecha de última actualización del OneSignal Player ID',
  PRIMARY KEY (`id`),
  UNIQUE KEY `correo` (`correo`),
  KEY `idx_responsable_onesignal_player_id` (`onesignal_player_id`)
) ENGINE=InnoDB AUTO_INCREMENT=4 DEFAULT CHARSET=utf8 COLLATE=utf8_unicode_ci;
/*!40101 SET character_set_client = @saved_cs_client */;

--
-- Dumping data for table `responsable`
--

LOCK TABLES `responsable` WRITE;
/*!40000 ALTER TABLE `responsable` DISABLE KEYS */;
INSERT INTO `responsable` VALUES (1,'Ana María Felix','sistemas@thaliavictoria.com.ec','$2y$10$buAboItJmIjG1j8Zn5y/Ou4LDVy5xrVYm4P1.6KebUpCsXCteoJXa','https://app.costasol.com.ec/ImagenesPQR_problema/logCostaSol.jpg','SAC',1,'2025-06-24 11:03:35','2025-10-06 15:56:57','tlUc4ZjPVcgYwIkHRsAXB711dXfw4QKQ','eyJ0eXAiOiJKV1QiLCJub25jZSI6IkVzeFcwWGZHc2lNeUVkaW00WnZwQzloZi03dDVXc1Z1Nk9ValdxdG5wN3MiLCJhbGciOiJSUzI1NiIsIng1dCI6IkhTMjNiN0RvN1RjYVUxUm9MSHdwSXEyNFZZZyIsImtpZCI6IkhTMjNiN0RvN1RjYVUxUm9MSHdwSXEyNFZZZyJ9.eyJhdWQiOiIwMDAwMDAwMy0wMDAwLTAwMDAtYzAwMC0wMDAwMDAwMDAwMDAiLCJpc3MiOiJodHRwczovL3N0cy53aW5kb3dzLm5ldC9iOTYxOGFjNi0yNjQ4LTQxZWQtYmI0Zi0wM2JjZDk0YTc0OTMvIiwiaWF0IjoxNzU5NDk4NzA4LCJuYmYiOjE3NTk0OTg3MDgsImV4cCI6MTc1OTUwMzA3NCwiYWNjdCI6MCwiYWNyIjoiMSIsImFjcnMiOlsicDEiXSwiYWlvIjoiQVpRQWEvOGFBQUFBVFAzQjhrRWs4OUNZSG5KQi90ZnNJYmtiNU0vTjluMUMrNDhKTXE4aTV0Q1NGbmVJcUhKRVpML3AvSHlsYy9PZVp3ZjJIKy9aWURVdXMyZFo3cXg5VGtycXdxRWhoSUl6MTVKcHI5RkllNXZjWnI2NVRjSkNydjlxWHgvd2twMDFPd3pYRnVOWUpNUUY5QU5ucXFVL1hXeStYdE5uWW1GaXdlMTF5U1pyem9PWmF1aHR1VHc2YncrTTZjUUx5TENNIiwiYW1yIjpbInB3ZCIsIm1mYSJdLCJhcHBfZGlzcGxheW5hbWUiOiJBcHBDb3N0YVNvbC1PdXRsb29rLVN5bmMiLCJhcHBpZCI6IjFjMzYyYWQ1LWZjMDMtNGE0MS1iMjg1LWNhNjI1ZGNmY2E4MSIsImFwcGlkYWNyIjoiMSIsImZhbWlseV9uYW1lIjoiUmV5ZXMiLCJnaXZlbl9uYW1lIjoiRXJpY2siLCJpZHR5cCI6InVzZXIiLCJpcGFkZHIiOiIxODYuMTAxLjE1LjExNiIsIm5hbWUiOiJTaXN0ZW1hcyBDVFYiLCJvaWQiOiI4NzkzZWMzZi02MzMxLTQ2OTAtODE2ZC1mMzM2YzVhYzY5ODYiLCJwbGF0ZiI6IjMiLCJwdWlkIjoiMTAwMzIwMDE2NjJCQzc1MSIsInJoIjoiMS5BVkFBeG9waHVVZ203VUc3VHdPODJVcDBrd01BQUFBQUFBQUF3QUFBQUFBQUFBQlFBTDVRQUEuIiwic2NwIjoiQ2FsZW5kYXJzLlJlYWRXcml0ZSBvcGVuaWQgcHJvZmlsZSBVc2VyLlJlYWQgZW1haWwiLCJzaWQiOiIwMDg5ZDE1OS04ODBlLTVmZjUtMjBkZS1mNTQyYWE2M2VjNDUiLCJzaWduaW5fc3RhdGUiOlsia21zaSJdLCJzdWIiOiJsYVBiV1pGM1hSUHUtd2QwcGxsVXNlYkx5dkhZazBSa0FQRVF3S3otUUtZIiwidGVuYW50X3JlZ2lvbl9zY29wZSI6IlNBIiwidGlkIjoiYjk2MThhYzYtMjY0OC00MWVkLWJiNGYtMDNiY2Q5NGE3NDkzIiwidW5pcXVlX25hbWUiOiJzaXN0ZW1hc0B0aGFsaWF2aWN0b3JpYS5jb20uZWMiLCJ1cG4iOiJzaXN0ZW1hc0B0aGFsaWF2aWN0b3JpYS5jb20uZWMiLCJ1dGkiOiI4ZnBzdkdHSTEwYUpTUjdSVTlvNEFBIiwidmVyIjoiMS4wIiwid2lkcyI6WyI2MmU5MDM5NC02OWY1LTQyMzctOTE5MC0wMTIxNzcxNDVlMTAiLCJiNzlmYmY0ZC0zZWY5LTQ2ODktODE0My03NmIxOTRlODU1MDkiXSwieG1zX2FjZCI6MTc1NjkxMTI5NiwieG1zX2FjdF9mY3QiOiIzIDkiLCJ4bXNfZnRkIjoicmYxVGM0RzFaM05hTE9qaDdaOUpPUk13TDh4alNfSmRycV81NWlMNWJfVUJkWE51YjNKMGFDMWtjMjF6IiwieG1zX2lkcmVsIjoiOCAxIiwieG1zX3N0Ijp7InN1YiI6IlNnUW1YSUdjZ3FSMkp5NHJUQ1Q0OUR4TlBpM193SHRQVGZmYm9XSTJ0NzgifSwieG1zX3N1Yl9mY3QiOiI4IDMiLCJ4bXNfdGNkdCI6MTYyNzY4MjMxMywieG1zX3RudF9mY3QiOiIzIDQifQ.ThoPjxAXV4H2iGby2iabya0EKUZ8oDhv-zK3F7FBCFV6OAtvvmQT6gL2I7gk7oZPBJD9AeWJ4nHVIQElR-qUZ3kaQy9o9KRpo3W1Z9pJq0vX4ZbrlkdCPRZ7np3Ig6Zdi-D-2vho1qyFW9JUPFbUwghG4ENgC24_7jINWpmv6qhufPn-DIA_pM-QgvPHCxC9ZGyfUUMgY3o12IVEucR7QXqJZ2bAcyH9XwfOQKCleVhgAIqIWQRv0-oxjnMt2MYVu4ymRSd15Frr5fxOVqf88uSeQE7C4UOuIh7yaQE3-DBO9BFYCoMrW69ovLzdv6BDZnVF2o6iVOE9P3lYX4Dd-w','1.AVAAxophuUgm7UG7TwO82Up0k9UqNhwD_EFKsoXKYl3PyoFQAL5QAA.AgABAwEAAABlMNzVhAPUTrARzfQjWPtKAwDs_wUA9P8hKCHe7mcdJ_qRZyfiW4ojsHperp6GwO7zgDIPItDe-PzzMcTN0_GWxDRH19sX0yfas7LNfaHX_GucfbV8US_3Hf5Jpom9NNN1xtcgg7JNszPXspQrO9oQmNh_uZigdu5EXhEHZsJG0GBNU1eqy9hPoQU-4MSZ2mpySH7RoftL_XlbpgnuTOpL9C-Dplt0HmCapBx84QsVL8HTp_0HLc0_sQiZ1degT-fTzBU7ngSKwzRzm8gazwGP6l9X_yZOidup8eMBWiNWoG5sw6rYF0H8Gojbesr2V20uTOC_2YpbLugPL81diF8hSUfzyZbE_w23f4oWiBisgjK8SsL3a3iLBFgQckjbMpkYL68ChD06QMycCtLmcrqT-Rse8WM_QvlpcwqrMh-TqoFP6rK_RBuqh8b93laFUyfuzw4AIU70cziBQtxyzsHjbP_D52n5xP5eBkd2hDTx2a-h4kmTLv-u2cTPbO0SuJw0aJu9TocR8Cnh4i3sniuKaf7_8YU951wPzEaBBGArZU5Gby5h-nQx7CHP9x7zt4IWJOQeRJtFuZu_k7vRYZTLSlWS9zuO2wHUZQA7XvRc9KButl3wfr49tipZ4TxXEC63C81ljAkQeaQgHAwrKPhCFlv9amJRdNIajpadcl2XaykyZXrJoc0yQI-cCxumsfId8hmWyCf-Y0pb1ulLTuq95fYnr70LashJOqCMZ2oEQfafjxxmo2m1LNhjdGDDAfy4v8FkfNJzecw6ApABAY8HTReboEQau86zKKy7_pB-aJg4QZLqDcdYHims6I3e3hykVMJpqNWSxq8GZMW1cBJm6ZOlb0g8-aixXQBzUxocMFOU3v6_bDZ5R-YPwY0MkDIkx7YR3lqZFFRgvUwO1_iVVXblp2g','2025-10-03 08:51:13',NULL,NULL,'AAMkADk3YmI5MDQyLWFjODctNDJiNi1iMzE5LWJkNTVhYzc0NjcxOQBGAAAAAAChdThC26oxTYJGUWDDwKAoBwCNnHaLPGIWRJX247PrdETvAAAAAAEGAACNnHaLPGIWRJX247PrdETvAAEmNc93AAA=','cce7df9e-3e7b-4684-8571-633897e0ed1f','2025-10-06 21:56:57'),(2,'Andra Gonzales','gcoello@thaliavictoria.com.ec','$2y$10$buAboItJmIjG1j8Zn5y/Ou4LDVy5xrVYm4P1.6KebUpCsXCteoJXa','https://static.wixstatic.com/media/b80279_33a586f04740464cae96a3a6205d2c19~mv2.png','SAC',1,'2025-06-24 11:07:21','2025-10-13 08:54:29','X9f0QOgm+1NDAWE5Abs9mQXhDmZF3abf','eyJ0eXAiOiJKV1QiLCJub25jZSI6IkZCaGVXNnR4SzR4RktRZjI0NXlaTmJYT0xPem9UcVZraVhENDRSV1RyWTgiLCJhbGciOiJSUzI1NiIsIng1dCI6IkpZaEFjVFBNWl9MWDZEQmxPV1E3SG4wTmVYRSIsImtpZCI6IkpZaEFjVFBNWl9MWDZEQmxPV1E3SG4wTmVYRSJ9.eyJhdWQiOiIwMDAwMDAwMy0wMDAwLTAwMDAtYzAwMC0wMDAwMDAwMDAwMDAiLCJpc3MiOiJodHRwczovL3N0cy53aW5kb3dzLm5ldC9iOTYxOGFjNi0yNjQ4LTQxZWQtYmI0Zi0wM2JjZDk0YTc0OTMvIiwiaWF0IjoxNzU3OTcxOTMyLCJuYmYiOjE3NTc5NzE5MzIsImV4cCI6MTc1Nzk3NzA0NywiYWNjdCI6MCwiYWNyIjoiMSIsImFjcnMiOlsicDEiXSwiYWlvIjoiQVpRQWEvOFpBQUFBS0hMRWl3Um9makJYcWhYTHEvUnZjZkpWSCtoTTZCMDVFdWhVYzlzSWVIeXdZZ2kzekVnbWxRK2srcVU2Zm56V1J4eU9BMEpYTXpTSG5tdVlvK2ZNTjBRS3ZGcmJoaGdldkJYbnVzL1lOcG9BclJnelB6UTRxU0w3dkR4T1NCbzdiSWdFMzlIZytqcXJ1S3BqTGx5ejkzS2NpM29NbjI5MDNuT3ZtUWk0M0VISHVZZ0JCd210ZHI4aER6czQ2bC9yIiwiYW1yIjpbInB3ZCIsIm1mYSJdLCJhcHBfZGlzcGxheW5hbWUiOiJBcHBDb3N0YVNvbC1PdXRsb29rLVN5bmMiLCJhcHBpZCI6IjFjMzYyYWQ1LWZjMDMtNGE0MS1iMjg1LWNhNjI1ZGNmY2E4MSIsImFwcGlkYWNyIjoiMSIsImZhbWlseV9uYW1lIjoiQ29lbGxvIEJlbHRyw6FuIiwiZ2l2ZW5fbmFtZSI6Ikd1aWxsZXJtbyIsImlkdHlwIjoidXNlciIsImlwYWRkciI6IjE1Ny4xMDAuMTA4LjExIiwibmFtZSI6Ikd1aWxsZXJtbyBFLiBDb2VsbG8iLCJvaWQiOiI3NzFiY2ZmNi02ZjdkLTQ3NmItYTNhNS0yZjcwZjg4OGExYjUiLCJwbGF0ZiI6IjMiLCJwdWlkIjoiMTAwMzIwMDM3RDdGOEZBMiIsInJoIjoiMS5BVkFBeG9waHVVZ203VUc3VHdPODJVcDBrd01BQUFBQUFBQUF3QUFBQUFBQUFBQlFBQVJRQUEuIiwic2NwIjoiQ2FsZW5kYXJzLlJlYWRXcml0ZSBvcGVuaWQgcHJvZmlsZSBVc2VyLlJlYWQgZW1haWwiLCJzaWQiOiIwMDg5ZDE1OS0yOGVmLWYxZTAtNzk5OS0wNzhiNTUzZGZlMjYiLCJzaWduaW5fc3RhdGUiOlsia21zaSJdLCJzdWIiOiJydkhiNU5BRVJ5ZmxMSlFHQ3BIbDZSOURDTlJsZFRERXdQXzlPZjBqbHRnIiwidGVuYW50X3JlZ2lvbl9zY29wZSI6IlNBIiwidGlkIjoiYjk2MThhYzYtMjY0OC00MWVkLWJiNGYtMDNiY2Q5NGE3NDkzIiwidW5pcXVlX25hbWUiOiJnY29lbGxvQHRoYWxpYXZpY3RvcmlhLmNvbS5lYyIsInVwbiI6Imdjb2VsbG9AdGhhbGlhdmljdG9yaWEuY29tLmVjIiwidXRpIjoibjR4ckpzQUFYa0stdExqaVFRTUVBQSIsInZlciI6IjEuMCIsIndpZHMiOlsiYjc5ZmJmNGQtM2VmOS00Njg5LTgxNDMtNzZiMTk0ZTg1NTA5Il0sInhtc19mdGQiOiJyMk5ycmJmMS1CcGxieklnN1lvYzlmU3BQemk3VTlIeXh0cWlDUUdMRDhnQmRYTnpiM1YwYUMxa2MyMXoiLCJ4bXNfaWRyZWwiOiIxNCAxIiwieG1zX3N0Ijp7InN1YiI6IkYwZDRLREF0eHJOQnlnWmZoOENpVFZTcTdTYWlHTXJBcnRWV1JKMXdVbEUifSwieG1zX3RjZHQiOjE2Mjc2ODIzMTN9.m4a3U5B9j6CaD0rjBFBKQ1NlQFetdyzqqI3ZCVgPSF7oPNyojFL_nH5ulQJs6hydkdhyaZiSmiIgeFHgdT8sECJh5880ISTR7gyQYv6BWOlFEl3FXv2uRw5hNJEcyztSb-JRmuGPDOpeaJYoFuNmleZh75AVXeigcTrhvIYHqdZKUOSje5WR3hspE703S3Ac9yiDAEQcPZQd8FBOeDH_28Z7w_bsA-hdDgmLgOp_RugiGACu6gVmAU6YEswIQeQ5xBcz42dc6FzDgaEmZGYsS5AWnUXLYwAfdYrIE6AZ-fehXIYHadXqzpRAVsbHCUE9RxdHoec9ad2ALaa6ltNtfQ','1.AVAAxophuUgm7UG7TwO82Up0k9UqNhwD_EFKsoXKYl3PyoFQAARQAA.AgABAwEAAABVrSpeuWamRam2jAF1XRQEAwDs_wUA9P8kbc7_og9tBEQdWsk0G18Z5iOK7Tx2fRAJ86nZHM4UumMOkuD_cTr91_Bmy3RJ16MGo8ca7xlas9ntAdEGCtKUlNZiB7RNQ8EZdDv4YFVvxgLxz85qcxVaX2NyBiMNH6InRilDczihD1yMezvd4UVmocIVzspowR1WecHFRX8NBNt_-lqHb6EnOp1W4YrvHYfzaX7pS6H_lJOJBEOzo5p7hOo1CmihNVah-_AurwYlK9jX4fZ9b59FW0ySS8Dw5W3LHFiOoM2u9u4rvj2ZrPd4-6B6yGIc3mm24RD5FMPWPCsHTAPlkfCfyF-_FBoBl1HXFxete5GD60UWM_xAC9LYZGmWxMHY4oj9PMYMc7n-37OxGahvs_CNllcMW8r-FDsDpKuyNJ31eJsEd2qrg6LXPYleDyxGvXLVEWCru4caJEWnjZh-muQYsa2znqXnlagxYtqxfRY7xucrNPBT5jzMkmrfsV9havA4BZlyKBZBhybj7-PPz4BBdaweJxB45AdYKvia1Qb8YoJHdr8oHAqD_1WiFX9EUJhs4WbRr3bYXRD0zYDpsFv9jBFrLXilUZAPoJu6krUINsam_xP6W3Rgy0-IAcZx-OmttypKO-lIsmBLZ5tSh4nXGw_uukmiMJobVWVX4-NZ5q7EpKEDWT5h--sHV4AOT0jYYwLmQCcrezom2Abx5W72qCt3z5LApGLWmViaf4KnmTj94Pgrt6yXutudnLTsC6hzioGP8FyVJsHfDCBiWzG2a9Cx0lgSdtAqPyCp4OWAbJvhSQ2kJwcng2WFd8qwViILDeUWdpAwFwHtZCbdlGsS-QVmt8RwMLeVuZwy7T9BaP-iswScJO4EdhrAsuBrQaz5n4XwKZ0zs1u5GcKBWF3w3Wf9_ZV5cC6do29An5AU_DoQFVnd9KQ9YLY','2025-09-15 16:57:27','973971b9-3889-44f9-b496-ce1e53e99675','26bc628cdb369d7e7a259b8d9d447370','AQMkADAyZjVkMWU2LWY0ZTMtNDA0Yi1hYQExLWUwYWQ4MjRkNDNiNgBGAAADM6SdagXDXka9dwjpfWMPMAcAxbep3HYmykSNf77yTUHxwQAAAgEGAAAAxbep3HYmykSNf77yTUHxwQAAAoxEAAAA','c3925247-841e-41d7-be9a-30560a3b7a01','2025-10-13 14:54:29'),(3,'Admin','admin@thaliavictoria.com.ec','$2y$10$buAboItJmIjG1j8Zn5y/Ou4LDVy5xrVYm4P1.6KebUpCsXCteoJXa','https://app.costasol.com.ec/ImagenesPerfil/68a79276ed803-profile-3.png','SAC',1,'2025-08-13 09:25:21','2025-09-05 15:23:34','CCAm6iWGVgItYukte6T52lBcLGzL1975',NULL,NULL,NULL,NULL,NULL,NULL,'7d49b608-347b-4308-954e-1edc4e1b6dee','2025-09-05 21:23:34');
/*!40000 ALTER TABLE `responsable` ENABLE KEYS */;
UNLOCK TABLES;

--
-- Table structure for table `rol`
--

DROP TABLE IF EXISTS `rol`;
/*!40101 SET @saved_cs_client     = @@character_set_client */;
/*!50503 SET character_set_client = utf8mb4 */;
CREATE TABLE `rol` (
  `id` tinyint(3) unsigned NOT NULL AUTO_INCREMENT,
  `nombre` varchar(30) COLLATE utf8_unicode_ci NOT NULL,
  `descripcion` varchar(100) COLLATE utf8_unicode_ci NOT NULL,
  PRIMARY KEY (`id`),
  UNIQUE KEY `nombre` (`nombre`)
) ENGINE=InnoDB AUTO_INCREMENT=4 DEFAULT CHARSET=utf8 COLLATE=utf8_unicode_ci;
/*!40101 SET character_set_client = @saved_cs_client */;

--
-- Dumping data for table `rol`
--

LOCK TABLES `rol` WRITE;
/*!40000 ALTER TABLE `rol` DISABLE KEYS */;
INSERT INTO `rol` VALUES (1,'Cliente','Persona que ha adquirido una propiedad en Costasol pero aun no ha sido entregada.'),(2,'Residente','Persona a la que ya se le entrego una propiedad en Costasol'),(3,'SAC','Administrador');
/*!40000 ALTER TABLE `rol` ENABLE KEYS */;
UNLOCK TABLES;

--
-- Table structure for table `rol_menu`
--

DROP TABLE IF EXISTS `rol_menu`;
/*!40101 SET @saved_cs_client     = @@character_set_client */;
/*!50503 SET character_set_client = utf8mb4 */;
CREATE TABLE `rol_menu` (
  `rol_id` tinyint(3) unsigned NOT NULL,
  `menu_id` smallint(5) unsigned NOT NULL,
  PRIMARY KEY (`rol_id`,`menu_id`),
  KEY `menu_id` (`menu_id`),
  CONSTRAINT `rol_menu_ibfk_1` FOREIGN KEY (`rol_id`) REFERENCES `rol` (`id`),
  CONSTRAINT `rol_menu_ibfk_2` FOREIGN KEY (`menu_id`) REFERENCES `menu` (`id`)
) ENGINE=InnoDB DEFAULT CHARSET=utf8 COLLATE=utf8_unicode_ci;
/*!40101 SET character_set_client = @saved_cs_client */;

--
-- Dumping data for table `rol_menu`
--

LOCK TABLES `rol_menu` WRITE;
/*!40000 ALTER TABLE `rol_menu` DISABLE KEYS */;
INSERT INTO `rol_menu` VALUES (1,1),(1,2),(1,3),(1,4),(1,5),(1,6),(3,7),(1,8),(1,9),(3,10),(2,11),(1,12),(3,13),(1,15);
/*!40000 ALTER TABLE `rol_menu` ENABLE KEYS */;
UNLOCK TABLES;

--
-- Table structure for table `tipo_propiedad`
--

DROP TABLE IF EXISTS `tipo_propiedad`;
/*!40101 SET @saved_cs_client     = @@character_set_client */;
/*!50503 SET character_set_client = utf8mb4 */;
CREATE TABLE `tipo_propiedad` (
  `id` tinyint(3) unsigned NOT NULL AUTO_INCREMENT,
  `nombre` varchar(30) COLLATE utf8_unicode_ci NOT NULL,
  PRIMARY KEY (`id`),
  UNIQUE KEY `nombre` (`nombre`)
) ENGINE=InnoDB AUTO_INCREMENT=4 DEFAULT CHARSET=utf8 COLLATE=utf8_unicode_ci;
/*!40101 SET character_set_client = @saved_cs_client */;

--
-- Dumping data for table `tipo_propiedad`
--

LOCK TABLES `tipo_propiedad` WRITE;
/*!40000 ALTER TABLE `tipo_propiedad` DISABLE KEYS */;
INSERT INTO `tipo_propiedad` VALUES (2,'Casa'),(3,'Departamento'),(1,'Terreno');
/*!40000 ALTER TABLE `tipo_propiedad` ENABLE KEYS */;
UNLOCK TABLES;

--
-- Table structure for table `urbanizacion`
--

DROP TABLE IF EXISTS `urbanizacion`;
/*!40101 SET @saved_cs_client     = @@character_set_client */;
/*!50503 SET character_set_client = utf8mb4 */;
CREATE TABLE `urbanizacion` (
  `id` tinyint(3) unsigned NOT NULL AUTO_INCREMENT,
  `nombre` varchar(30) COLLATE utf8_unicode_ci NOT NULL,
  `estado` tinyint(1) DEFAULT '1',
  `fecha_creada` datetime DEFAULT CURRENT_TIMESTAMP,
  PRIMARY KEY (`id`),
  UNIQUE KEY `nombre` (`nombre`)
) ENGINE=InnoDB AUTO_INCREMENT=6 DEFAULT CHARSET=utf8 COLLATE=utf8_unicode_ci;
/*!40101 SET character_set_client = @saved_cs_client */;

--
-- Dumping data for table `urbanizacion`
--

LOCK TABLES `urbanizacion` WRITE;
/*!40000 ALTER TABLE `urbanizacion` DISABLE KEYS */;
INSERT INTO `urbanizacion` VALUES (1,'Arienzo',1,'2025-06-17 08:15:24'),(2,'Basilea',1,'2025-06-17 08:15:24'),(3,'Catania',1,'2025-06-17 08:15:24'),(4,'Davos',1,'2025-06-17 08:15:24'),(5,'Estanzza',1,'2025-06-17 08:15:24');
/*!40000 ALTER TABLE `urbanizacion` ENABLE KEYS */;
UNLOCK TABLES;

--
-- Dumping events for database 'portalao_appCostaSol'
--

--
-- Dumping routines for database 'portalao_appCostaSol'
--
/*!40103 SET TIME_ZONE=@OLD_TIME_ZONE */;

/*!40101 SET SQL_MODE=@OLD_SQL_MODE */;
/*!40014 SET FOREIGN_KEY_CHECKS=@OLD_FOREIGN_KEY_CHECKS */;
/*!40014 SET UNIQUE_CHECKS=@OLD_UNIQUE_CHECKS */;
/*!40101 SET CHARACTER_SET_CLIENT=@OLD_CHARACTER_SET_CLIENT */;
/*!40101 SET CHARACTER_SET_RESULTS=@OLD_CHARACTER_SET_RESULTS */;
/*!40101 SET COLLATION_CONNECTION=@OLD_COLLATION_CONNECTION */;
/*!40111 SET SQL_NOTES=@OLD_SQL_NOTES */;

-- Dump completed on 2025-10-13 10:42:42
